study_hours_per_week,attendance_pct,assignment_score,internal_marks,sleep_hours,final_exam_score
18.24983750124034,138.1703629800968,70.08363814367952,30.27552809364673,7.802128458618119,57.129536337477205
20.284392027898484,64.05296932733205,72.04910085762094,42.75553913399357,6.362412457924036,72.28027744250454
18.14272136411606,99.38928999058285,89.31366781831184,27.47930615044713,6.8018043236202805,71.01537781022321
17.404650873082275,71.96821049319655,75.0337550659716,30.98462561324945,7.360164183945767,63.51933008301895
29.303002956884463,68.56273792679337,94.04136589573007,39.90123006009598,6.531503886639684,59.74134352964758
18.380750388239772,86.19154261005198,68.93299705234703,22.212969295783722,6.722455743684448,60.90674870139349
22.47668556161899,100.0,64.84905808172131,15.985369545986247,7.793818467143816,67.76878574166078
17.32139831269683,78.3185618141521,75.98067539538944,37.59675657091591,8.351114089986716,66.03643889731953
23.233460262107954,100.0,83.13205186747977,45.48123232048184,8.677377087805489,69.84778544461857
17.326984871595368,81.68654671966728,74.4759554942253,24.639078396366138,6.937351777878178,55.940573034732004
28.137440171424938,68.80330105373856,69.17241342388418,32.57274569071391,6.367119725115208,60.47519333705907
27.842856525694568,93.75706813311619,75.50887701856018,12.982180637188037,8.63835973227094,68.04622766324277
10.860878571297352,70.80615408413577,77.52240396426677,27.30890443671091,6.4987658922097875,49.315174763884244
16.86283983708039,94.10932379746271,74.37995990633968,33.90048237669375,7.797994549612236,65.7812275719935
73.64377266349607,77.0459858986097,83.54525227066615,32.91312236843729,9.0,60.345439961869765
14.616473771085012,92.18761851697317,74.28400748141934,17.634161706474135,5.8463077186601415,56.75999145617268
15.722925303937014,92.96994546561109,79.63206292099123,39.54188132333132,7.7184174234716405,64.96246487981048
22.429890265765735,64.44104353796372,84.2165011192446,15.136788388813702,6.942482246994537,57.52228347048221
24.477521396163326,68.73232531090194,63.69930660959642,18.745479924019694,5.846507574015217,39.64764797814264
7.508423552697668,78.67366253617426,71.48585764286267,33.39253489214761,7.955269237207205,51.78159793185438
20.703964299852693,71.01532018208962,100.0,38.49096771898507,5.402127865505163,71.31549401796704
26.17493382395386,87.9994190194205,94.87061111699441,36.34540550574942,7.290947364339486,70.14009728966016
8.662755614326814,76.11481546911114,76.0575379127148,31.532619169552717,5.62616517510134,51.45726924313104
9.421759067823597,93.80091354147451,76.55190683858979,39.57797538916182,7.3933070500053235,62.79818629425609
18.997291518098873,77.41203937332898,54.158870605014116,41.14763622019545,5.3114948119314995,70.32284370228619
23.886131228604157,80.59630369920174,67.07580079000039,26.691155732626846,7.018016872044447,52.075256174722874
5.170132999236264,73.97787939638219,99.26716486345522,41.0119716001563,7.370211889941741,58.79435582879237
21.86544539358803,68.2988697394064,85.59936384046622,25.844829025390986,4.963779497144063,61.846449121848046
21.14659440811942,78.92697855995772,59.82826303328321,42.91823032567881,7.644518491645291,58.44604162681138
14.837519808296285,85.13600106569717,84.7581671934471,35.43157590209786,7.216683118964286,58.87081054366523
17.173770166290062,89.49554135441323,53.46657080128756,22.28235659399428,6.346101611674424,54.339172932672085
13.990279940630508,83.51448207541583,65.48081539977764,13.479335629949436,6.342627446005276,56.67840329749061
14.266757356397445,76.27166847908234,92.19377906207296,9.174903297381611,7.285803286794733,57.10207291410681
6.733188145952688,79.64358517702516,63.88032974225837,32.29564683441367,6.7784634024162616,43.32696838039785
13.653734426264599,86.4719593970274,80.05470159166627,22.141647725962564,4.160921340514573,60.194525124702096
31.113669107053624,63.314159261224106,65.26453800295532,24.734012701329213,5.583772944207355,64.08777201877425
21.29875153749185,66.30197020420923,82.90625599162769,13.793537015108985,8.355572935710349,57.96785387802567
24.254022545531072,86.45215585950056,64.43442357239748,36.15071740775117,7.309047443032654,58.571727241093164
21.284562464781224,73.98632356048786,95.24309623286852,48.25321469231074,8.284095793948117,73.28492033598941
97.83138584963822,94.90726136849952,71.42970799193391,34.592569767152014,7.199423985986767,70.67067282717491
29.13817913844815,73.53063222294426,71.9203847036096,45.10150125872153,7.472630345843406,66.62867076886025
11.733983792257455,80.48860070325705,65.43563623181991,22.381468954089623,7.11053531747394,65.27897535709641
16.539372016590004,79.17319314157301,73.745457399971,33.47816051645513,6.822082124195602,66.20288158822898
20.17853683697447,80.21311648671943,78.01107339191742,21.87296938408017,7.739180494701568,56.94007500739198
27.66598937473055,80.28181157369129,81.06723059136183,34.25604959057554,6.369975020466105,66.94761608950184
19.553324505402998,99.14031353866787,81.03187431082343,15.041469283742687,7.231842092134848,64.25890572216089
12.90044892400535,83.07406697809101,80.646059258936,33.732362491601016,5.218841585534367,56.80053716228877
18.205955897204795,75.71884839034088,87.03884437168816,34.42432068681887,4.99254313925499,67.23576360900665
15.149038382640875,83.81935452231554,69.49463150508416,28.513233982458022,8.311167497802625,64.11028080312738
19.0892894297865,61.637946268967035,82.83390509282596,27.3590392482684,6.542366750662385,49.997221212259426
28.867364268449094,76.78364948782617,60.56145183866458,14.263442371302782,8.678674673372566,58.62177132833217
7.749590789454256,87.54291329813574,81.02118320392483,26.229890074379842,7.683223014788808,59.584431965028244
84.6584351291519,93.40450446023145,76.81426620113972,40.42622429852851,6.829741753204095,64.41716516725678
28.29295394622516,79.11637040794665,80.0826863967459,26.85557794350879,5.935779993182651,67.1773019283721
19.31276092848429,92.00413907944426,77.07267329398944,48.17159796338237,8.08005605913931,61.699853377507424
32.554323654112764,84.86501643826202,91.74492433347538,32.06380784976945,5.923320872528986,73.71796961753537
24.508322740230735,98.54092566334188,66.48593565739687,12.265449285167485,6.102169933574371,54.3299929095228
23.647379058299236,72.12216248091761,73.24436054500785,29.30051736978255,8.062657290787527,64.9199477456657
20.797818044881257,69.27256974260193,73.05302703883318,27.228587951944803,7.5873916998060125,60.974176427724835
18.595178258304916,83.9348538542175,77.13293707372938,19.31614744720087,7.59256727384733,53.12459997586353
14.129763334309807,76.50683203881802,91.85014278708509,23.374429816278123,6.950119845871883,59.089553058288644
18.67418240280066,85.88578404420609,83.87290837266742,19.306196488992555,5.8435841832561435,60.48483523114027
62.3689322158643,60.01799315467892,64.28142766959844,34.6683544240951,6.410105243537109,49.64165273158068
29.794467823589812,78.88773938651299,57.21412415993483,22.973415382562088,7.290897057590006,66.00438762321153
18.26804816647917,83.91804005402547,76.43388467342251,12.970127244681503,6.6759318247910295,52.30047795524137
23.951265636036982,69.09033569784802,80.3481733634591,31.11909786271302,7.146935298386688,58.414250729447936
20.169910256782767,90.76007138598598,71.40370327547538,22.053130403344394,4.9496425427158,63.23509939789385
14.961668946915344,86.7792587133927,65.3624107378939,47.32044854245282,7.157127918990941,61.42971701284171
29.177301916763682,71.53643345009127,79.63184795267584,24.925713218484773,6.46069498553673,67.00813423471324
16.403644127335866,75.12088591854297,65.42849085104957,39.52438875474877,7.1761898225026926,56.17033690584733
19.952164152100295,74.48141854107553,74.86162253905762,27.38386145912183,7.395420985388038,57.150576394099026
26.85693688709012,82.01099046714967,49.376663412046895,38.38965701133251,6.545205282622307,54.78445814069205
22.212039853237407,86.96954404510736,74.54487754698758,25.551050025913757,6.608123234613133,62.724133467041035
12.43469627398973,83.30880232214457,73.72450879622465,34.82598000457115,8.075343401956898,55.611443130913166
23.423592011558956,70.4056076327652,71.86470313827603,43.03333091920756,9.0,9.428623120857143
23.25536026151579,74.64764788439432,84.37570137626558,26.231002785456973,7.633326826071238,61.875430833312784
14.696855382793203,79.80362201073319,79.25887206193036,35.70169623089065,8.09730018754371,67.04765044967688
28.133827152829706,72.00807993349747,63.103333409096386,30.00546255165986,8.311693449272662,66.29907073735907
22.14267542907048,76.50742295681572,81.01206748929116,31.122878958784376,6.3018003253889505,63.39336478585971
23.66351447170294,87.60055963689602,64.57955587756896,20.62212997250688,6.021500454133394,70.71633289398656
14.900933783211249,76.32972160916678,72.97019362604343,22.6549841326674,7.918914854658329,42.00367373600636
24.089004184235748,72.03974143196511,57.14133508065889,31.6967468245934,5.0506282446775765,55.82815401739882
25.114600008777344,96.28396623128538,81.86318456956701,37.50332430008524,6.921769340941482,76.7161614243314
18.75126649785635,83.88578604530964,92.3889966379758,41.34825076118429,7.508608373233442,77.04661888786377
26.813393841083595,73.07094802204092,81.04515326355367,20.575673060988954,6.461952241509861,55.54812631209345
20.901810568771264,81.90499679779066,83.8523148298899,48.463330004928885,8.184256645196173,69.11520316267207
15.036614338686062,81.83359919779156,79.08652811480671,22.162230202265548,7.680220360476691,57.00024528921089
13.64471886866629,80.21271576736062,68.0945894768374,26.69107467496286,8.496710407445981,49.72605266355482
13.533531332424163,78.52997998371511,68.99576434261294,39.996951242373335,7.4197056083572654,61.91303488817013
18.55258365286202,62.26967531793119,87.05994516546816,34.12235457299574,7.240205843946223,59.90897972671959
67.38604983574791,83.77100393902187,75.852094496339,34.301039223599034,6.260228836027033,56.13993798994913
68.43709344426048,76.80946064333382,80.731278132412,28.68531835291687,7.486184791561939,76.9106134299249
31.456499842820783,74.48814283671467,84.68184660532862,24.981492432389576,5.6474913105592774,67.9952920679836
19.326031701855023,74.19476550195277,83.69156064389273,31.40229423147139,6.419983667346315,51.45381241227649
19.347439109258854,81.19580368414154,59.77640813782109,15.648860017056878,7.276600765511181,54.63011743974443
16.816993114336835,68.04116937964815,81.83328992811069,26.363618250052447,7.107444374340893,55.016946781325956
16.987674653884334,64.97029671604847,89.72670675750982,33.106496043387594,7.54339082787181,61.842645602098635
26.350546921097525,77.78746376414227,86.24353359870503,33.553586618325376,7.102484642158208,63.52153611836271
24.604608374917454,86.35171801681969,66.82911368931809,17.621568088493078,6.37011544763619,62.48404458615596
15.713891491841792,90.09817089342634,68.83638591960522,16.949793476312436,6.782868925053798,57.07571101811561
13.221758872054291,97.72251596669744,62.414950893246655,41.60801150505069,8.945195074276933,73.71523930036258
22.304392693635844,86.62881268667412,92.4958390420542,31.164169582145927,5.6430644303004245,64.8010688413491
10.361322078454565,97.26963851233405,94.92515353168119,27.109515504261676,6.154846041573841,64.97072549025629
18.50621510912556,76.35047270457115,72.70609255931973,33.406749269038635,8.255403609459897,65.4790699668127
19.55339942539972,75.7069777548274,74.38235800139871,13.395295927371734,5.9047294811571955,54.48217067789578
21.46003669593615,79.48606276411513,58.6952675628486,19.76775411024171,7.434502646091306,48.488687513642276
25.85071840050651,146.14471479194842,83.90383163519786,41.196757161166346,7.473038282160215,66.38897011534526
21.413687348651397,63.848681840944906,89.64177238752437,23.34436066004439,5.823037887230032,54.36391460410354
22.640086700319994,100.0,83.76046792529795,30.480687956921308,6.540235384169524,78.85367044249568
13.951482134495576,85.159392177041,81.51136241823657,38.594544101724495,5.770816402199584,66.74769551123148
26.225239665547395,56.37067564458162,83.48430882205284,40.07386591829439,6.99188679838825,67.8634501917574
23.831554752664243,81.40886246911204,79.73632076811454,41.97945346543701,7.168015340532529,74.92384565221863
17.50827251659519,91.48637349428715,78.89159195667929,40.65071249590723,6.015465949518032,72.29659619771199
30.528765091906187,98.99881934895215,75.23903043284956,40.81762143093715,6.515881505415182,77.00905052080621
16.91679849597984,92.38283071433636,67.16234334413603,26.89840066873151,7.480744579767984,63.01543557734729
23.024279093107065,100.0,67.84240010889248,25.51513890522152,7.296576938530305,60.84288741786929
15.70817774444019,89.6387911679491,56.33460048639384,36.23479203124266,7.276581505591048,63.52243951077331
25.145957739212115,85.41462728204787,81.83569323200477,33.4265335390019,6.750928155346959,68.80578036900039
16.76144191814383,83.6728731340134,67.57515767461616,20.402419773077533,8.592669998282885,41.60201425869439
25.724010580959213,72.81592734430802,83.82333062323409,43.3377928924091,7.797843779895767,67.49523672656937
8.074586512394642,88.50221742113493,70.49810735148588,28.011771055404406,6.694380888931687,63.82866120570437
23.131649393701387,95.94505063224972,73.96745239850952,29.114677051541364,6.485217325085258,70.85289896724333
24.483761630739572,78.25040243304592,71.16028728047648,31.73299980323695,6.025878153783632,66.77139214569848
20.334349473732168,80.67855510527403,70.56955978871518,17.657587878322833,8.096069907477398,53.775494862425624
18.51488818669097,79.62963202951588,72.58502554129221,20.1724493498739,8.202451247983072,56.03642881748324
16.445636454566785,86.96387447456715,100.0,32.58379602894134,7.690472686121513,62.67625557248419
21.469799426652337,84.3693816974635,79.92018847992799,21.78904633867286,8.948342644789813,54.531125992455905
11.466477742413955,89.3259083187309,83.59587886979801,25.878252849534057,5.405244041836667,63.442039337988476
19.419721328777644,78.79618836046401,90.32367724678116,19.473473468579943,7.5925303073177615,55.87104195624114
22.84155458381109,84.5353430151398,80.91814133741379,41.95950581962589,8.271892421938656,71.95673403833342
11.549232221818642,91.09699841956223,85.23709546106981,78.78522221381684,7.577978523639557,57.91221964551588
26.592661111923142,88.17766299200287,92.95211355912322,86.76458750609882,5.254292567140348,77.21455723143575
11.910887467365722,87.38810480887503,64.410924129434,16.895767540511866,7.026204752774036,49.80055536377124
26.565149110825693,88.52773675122219,70.20507032600757,24.93795976091969,7.42532130833011,66.91002844484919
22.980284918067397,93.99355436586002,68.24821725025619,14.737539536980872,6.136506395035066,58.708568867341214
24.091717827769784,69.34886336924627,83.38940500469613,29.568761207954086,5.8725039010469615,53.78507317858145
12.3174238850223,86.72573701202731,76.44887833096891,81.11740278384323,8.40693474589175,64.27934640647992
18.781727683742044,83.01791899819466,69.35225995829057,41.732326874228825,6.942609296998458,66.50258463449775
11.724084631912836,76.91965715814258,54.12972981397931,21.221053448231466,5.755457499915277,50.809773790146444
19.6035212081161,83.23167714184781,80.55512646342248,29.17255020567773,7.500831591004212,69.96201135120283
21.867500927261215,84.19532443907028,89.53260663321035,13.154824465277404,7.75656467491314,61.82462707643001
17.29960717112454,89.96047685805816,91.73452090298537,33.487803116000364,6.874825571616836,63.21090464528873
19.537389743515376,81.04201103951875,71.80152476745155,19.46294464042732,6.515826048751263,55.46526505074814
33.142733754859876,68.53654606981311,80.4711911517521,35.91722521379737,5.904480611154438,63.53580538700878
27.076640724327724,76.34678448687892,74.16562030209639,45.78033741431847,7.839663864431189,61.87412876982755
32.36448754929192,113.9223139424983,85.47317706621448,25.14116453430231,8.369701107654185,70.78848095756722
27.006692369958845,71.2201741324344,93.70965175371782,32.77367982083936,7.872824351005635,66.51669922575375
27.670711175643792,83.69642192198094,78.29508735573009,22.45953595366499,6.626731754058686,69.95524539204739
20.58246529608824,79.28398740585936,78.2674476460232,15.456166196902762,5.901379574822188,48.21365665647841
16.61552821557963,80.97983153470895,71.07528893939127,23.819450009950074,5.599929276816991,67.92006555261301
14.857054661502305,93.920022863446,71.42554577189573,85.29908898456483,6.490786637400865,61.15657619693425
14.110948093712295,92.13097699979184,64.12754061137197,22.6698071954902,4.978201360038053,54.761311888766514
23.892259325537857,76.29988970117873,100.0,38.01305460166848,6.990155191349617,74.76874090543323
16.129281472369254,83.46503881730716,84.26215402241593,35.541782040934876,8.053985771182877,66.09202904932548
17.041994392047002,100.0,84.78858050781795,10.097530747719365,6.569690680045357,64.07625791557757
20.411377848836164,84.21920754235285,75.1961665769399,29.699434840164148,7.002287936143504,67.1408564708416
15.026029934467566,73.31909546356951,85.51947617722918,32.70842301028731,6.576401418271823,58.670024597870245
23.872255697510887,69.55190805978967,59.68892497444278,15.791905967612783,6.099409647463938,51.63878190180301
26.948665241000406,70.60664606181246,64.08299123860685,29.98076927264917,6.404465064816141,57.080600764857024
21.55929676549054,78.26928175716131,72.76797745365195,33.45810360507324,5.481089174909933,66.13181563773624
90.57022696096566,71.60790332660994,74.56523050186138,33.34564604710378,7.945869643684146,62.831379285426394
22.030978444966486,82.00569197230944,78.72105472606863,46.99817122413569,7.209470083647773,78.56693629000921
29.299606430105236,89.64087168288357,69.26398227103098,33.544017043579004,6.611756946478462,69.01508325626523
81.74158586300302,83.08833012598964,65.83808084518758,26.178835339167957,6.505034519631927,56.80300114037712
25.78025677546593,90.2257043200964,90.80540686568374,20.765098654136125,6.567226116411612,71.60506562607132
16.39616786048717,86.13517972730416,77.09659415274626,25.92154645447294,8.59853811209634,67.97406829563602
25.83532669776038,81.94607455237242,59.51381701136253,23.922375060157705,7.019381237698025,55.91019390266261
12.525567327728073,83.19781934142537,61.368259954071895,25.058866584530428,4.573607929464792,50.343821453188085
25.702543029116303,80.32004149065767,83.90198411124787,36.893088995983554,7.145836470215384,61.71500006125316
16.175677236160894,68.0636316824352,63.9513720693748,40.36850449425117,7.5310260948942105,60.23492800242099
15.477583013855062,88.53415558780307,79.66358374446335,26.67226457642113,6.288026772741077,55.73713491741953
23.636059708073837,77.58742345381458,85.45088474084753,32.46090134551357,6.871340553647944,54.92941232430382
21.364759607624777,77.02436496640009,76.64760841236517,36.77416620173195,7.6188862980231535,61.090400609318614
22.046911848899864,79.37406872100478,76.5175799224874,36.208223310747805,6.033753680246746,59.042666559100375
29.47527689304435,88.95193220027733,75.01205475362224,33.888290315341095,4.295608368397225,73.9823335913837
15.645537121079206,82.38368982734785,72.03392540930201,28.54797470291466,6.714905742957986,60.700237912419034
38.473284850731424,71.125078221979,61.613942002767516,39.228722746535404,5.605504931140739,65.05675572736237
29.387861934884036,67.1700777581143,76.97315707405596,43.05485519271287,6.855095420918569,58.80672130875443
18.153330590281996,97.32514999485092,69.64664912983777,18.6778624646065,6.4817473611387975,63.57644970187917
21.179328659069448,88.96839315865532,71.78757233882088,30.781363013986685,6.196051585272519,59.76102328238699
16.029281211389673,85.68983079185276,70.9296368707322,31.477683798248666,8.453275476042545,62.47703194262506
24.690937230663863,80.15579047581467,89.89863438602082,33.76035349894562,4.369269863170937,67.30207266237261
21.629473023172242,78.3986720443336,70.87002177856566,32.057591762847416,6.885359164493607,63.05560985728944
32.863664535951955,71.9632543203027,62.88828070719219,19.756355431980268,5.436965693428746,60.783016044383096
33.887951400041054,68.12401580970487,71.41659847978778,21.598874083182835,4.608043795686976,69.37205945761337
15.79927511036496,82.39246864111149,74.35811822891502,17.107461127177377,8.41418728833109,57.23827784474128
25.55706528518985,87.78361076166638,80.70612997219531,39.445127299617155,6.041221543813225,73.62470353842569
13.62617771764337,96.13711269058646,81.7286123596682,16.150389572440595,8.07036516022993,62.843415168033246
21.250296847685316,88.00409525227683,90.16394055253573,16.486535696261907,4.900643735580974,65.14428863854432
23.73085977330318,72.57529414301952,70.08846252857896,15.83145157529527,4.679684401769577,56.28503781983331
24.284002964552553,89.40771187988216,90.33433701296326,40.64459923231232,7.359475797547126,63.12905626570942
21.028209687139825,75.4111573713106,70.90717561886896,31.255783687747474,7.7658782794806145,52.11720726658479
21.956798133452708,69.99668675394426,85.81766727672829,25.42603166435151,7.5101574689151835,58.52432683147175
21.545302344336587,73.76231039304194,71.71381524251015,33.60482730290031,6.799647422205836,55.35693594596715
24.982014899265472,71.7240977935128,66.99961435602353,39.916672051532494,6.5403432277270035,68.58406025842602
14.964694860664169,79.74445929008554,70.23779126455341,25.555625764105066,8.462195938717636,60.89779174113536
23.73709959408499,132.34489347464756,88.40461051790348,9.742031318242518,7.846882103884914,58.15650286325211
7.59534739976074,81.81021558703706,62.07737304894381,31.12786159689648,7.551885971822154,67.32475397709727
21.109016742169242,89.52874547202939,67.4171793111241,46.33660832114995,8.280939576666727,103.38660299430347
23.845057167602057,133.03140843557645,62.58239424518376,27.437617563706866,9.0,52.437649780781925
16.733703652848902,97.27543170100711,44.80487844179174,15.042066402436635,6.321356938705897,65.5691879054354
24.545046260283833,83.9467152982298,75.37937835447602,31.055423734175655,7.4176807522394,66.80496932530367
16.53864878286111,51.2773778671835,75.5493411099985,28.717119351641355,7.76624297504051,56.02297311927882
10.030879626386241,62.31560634437149,65.73618870018461,44.86161874830186,7.9452115346114836,50.54259221532158
22.886055390420278,75.73642403794457,79.57280404615241,39.5581028950155,6.983389657674091,67.38947238514257
23.558607547810304,81.26379579546412,78.33859966568535,36.977576000583824,6.80912778044682,74.87914318203396
16.64646891637047,54.697124772536704,73.83770956878041,37.68243837025176,6.551457163472139,57.44232058457084
22.477588725653746,76.11823181458772,75.07063158628176,34.02227541516155,4.936596847520546,60.02743879720697
17.6895063175021,83.95803533437409,66.32869784289099,24.324471980579627,7.1812511626020505,59.94169784125181
14.816055381921103,89.5530520857051,87.44679580736786,29.51196822515693,7.265616993172533,51.59085486102494
23.005503125746284,95.13449743242131,75.85893006293331,23.63554345647294,6.5825696180105675,68.11974372352032
26.441790499158632,60.20700189624212,67.81167612391269,44.844026518354106,8.663732832143474,68.89182372459565
11.987933847739392,79.16894427371305,68.50234773151733,27.386430294509086,7.291563676681973,51.884372025916804
18.48459109164104,81.69360824036077,81.8021610545045,35.32333458953423,6.940173856470096,70.13332680779234
25.337784773740623,72.8084668075758,78.68733147317519,29.01016842980131,6.125564351660082,62.89548368798699
21.26610480321571,91.07080669286972,66.81571334057999,18.512723809051778,6.391649235320663,60.50216123992257
16.85287840232136,70.96298139269872,71.70552213652908,31.429557734483804,8.471034690817104,52.686185907304086
13.975155399487592,89.53136633913245,90.62888768508198,82.87713338374658,7.587855888137735,61.73738153891434
20.595993832575356,69.75813175670795,72.70200369424806,40.23614935808127,7.348341739246127,55.31304142879592
14.360721282035868,85.86364018755093,72.65592199683678,23.560268153179514,7.099886954409213,66.92950748510795
14.551855546872734,76.7965269180568,81.35418030209226,26.39072913272801,6.4823074271307854,58.52071935865266
26.61981129209913,79.0946671769584,53.99973492348376,28.734769245021436,6.962106918283169,57.8109589932239
21.22078181520334,76.00363814385398,67.33343412216652,29.486526709689446,7.553388983074427,59.68473584550639
8.775248473844865,64.37454143113457,83.58451116656666,31.79471725422466,8.45211769918256,55.54695509690304
24.305253534775773,74.16922561431062,73.25645742097164,29.21667802845677,6.438442253669375,59.31317606555698
20.07555440469077,70.66732040926804,57.92642042407053,31.42200085014425,7.032407013340136,54.247930807163236
16.890378690358116,100.0,52.03819046862762,21.06250830634398,5.088359449348243,52.3694871867065
18.886046140017097,51.51457379369924,73.62628211600604,27.33711676493991,7.279267838216526,56.69797955235046
12.260234601553677,100.0,64.67476096472461,29.01013855920195,4.982661201877589,58.560646624183526
26.978982512929758,69.07687235327421,68.24291920838388,37.05126023138857,5.641425984742526,55.79860154046068
8.28747320286499,66.68767046442221,79.62060893251896,42.027358627431994,7.203235954586031,58.36311824006228
23.116079085447033,79.84690150827005,64.70628491817928,20.77334077435404,7.307403569719688,58.107764909674735
19.885902752583867,74.2348959927328,87.11943985386401,25.24950873545036,7.404212865277332,58.216311094472694
19.357817840272652,87.53341621104532,69.19946758629958,38.710157233733376,5.842883381286729,61.17004463610037
20.418812509940114,81.92049116490031,81.66312500909211,30.636782899008292,6.931876574832047,59.895777647544676
21.451773629396204,100.0,67.30857650212701,19.702691451326,6.015006874182985,63.14983126210353
13.574645011633326,89.18316606002313,73.19608318237592,21.170641371757046,6.153640280113027,56.606305017755254
20.58605659129299,75.5671774880849,63.83475560051341,33.20385109205063,6.327514403993664,56.41061459656821
16.814787362478075,96.15582823548232,53.792998473649334,31.404289836628784,8.37391438521145,68.5832656976233
20.775327091851366,100.0,81.68340488718081,35.87710036367464,6.690350286011939,58.06490179519072
10.32370477286209,84.13799097451498,73.18775826781896,35.561623200671995,8.178512689798422,129.44565409982164
21.961564242584977,82.9355793216663,72.00323351993212,32.56628580746147,7.808919269392719,62.21612821519246
20.768626489464737,85.93556722280861,55.87745024580223,26.8224374708321,8.528747850540908,64.53014551560173
13.360844547549977,76.46833707189312,85.30580585624057,23.394770537582865,7.623407138279916,63.15341821335004
15.21862846717714,84.68774256075024,79.32959825360696,32.50505712010524,7.58431416643531,54.06938200931394
23.79669119663771,69.84178181021603,74.46879346982455,45.36294001715409,6.9940452907872706,73.0682510314911
17.43871358031548,90.29960817581161,78.11308673442885,35.953485682520274,7.837764221546589,67.62904347522357
88.46728237420344,63.07043185804615,58.923389728819416,18.265718475074586,6.990711438432184,43.21194452653326
20.63858136615138,79.77131937701118,61.32862193539754,19.937054752728898,6.842253016768515,48.73738449282089
17.77135480402525,70.77589815501497,69.61158143807262,36.56126549404387,5.94489232451955,72.10324190161981
21.489323517802017,86.93105607263143,68.74322712503788,19.651938998367235,8.193112945851027,56.944938525794754
15.614419760348486,87.7966053226934,69.153822693428,18.18460057974479,7.2328680874268985,52.4955447973923
30.988752595126122,81.36535331082737,68.49976065593101,29.39467516539336,6.467274501783097,66.40268377780643
15.075906089889738,63.546012530431085,86.40149038521267,24.44319704669484,5.163640216229602,53.87696051471579
30.592725441686582,82.33785911790747,73.10879609222967,31.83197113967472,7.492986458514459,72.01243058651814
13.927373748438995,76.65224667893459,91.9995737457638,33.37236866829249,6.320769346807045,57.61837791385095
31.0802439544162,82.80161158819607,70.00269823848369,34.29032727613752,6.525821824896035,76.29248371714058
26.54904111153477,85.4673356820138,81.25630933646,32.70949854337352,7.035566074032993,75.16604445519494
15.395914622671704,77.90676322848134,89.48499229892926,21.807771272908965,7.646006187114551,63.03069655568524
10.795314975586265,84.55887772081607,63.77455193755586,45.93242641763787,5.941559366358347,56.44980486683043
4.281529375461535,89.9626681944714,68.8234810456565,24.135736035808087,6.55405628613884,54.416235774593886
34.77945267491172,84.95681887972604,64.97812544218527,20.32418451664956,5.469538590256623,57.68322390862596
17.33424043954333,80.20793707675408,87.00078956426862,32.68915970420983,7.421780074250871,64.21426916387345
27.97491518079459,82.85554074857657,68.914102767603,45.12352548124626,5.970188151458155,79.6755792358854
14.609511971909853,84.59972142939117,56.53812137761906,17.384028142472022,7.5148835960763725,49.46787423045945
19.032285730003945,91.08182816737516,63.10588107132672,24.163180241540722,6.937360422672765,62.180681090912344
18.845834211313264,81.50418905143576,82.40824345420125,33.11182983481747,8.6296421311128,63.93329147454463
20.69404780575715,82.68592278863257,78.40589216400497,31.662420058826505,5.050438282245633,52.97810783158201
9.170707396012887,90.88748619704185,79.82687887209212,20.60896028472822,8.14429306855994,55.013641267763056
13.788546065483755,83.81158384882778,77.39404500535377,26.98959420060003,5.666871645222193,57.0593031769509
23.086633004352493,77.49166983544953,63.51736711247382,46.37489756575646,7.876169167191232,70.93759444990506
15.787681436735886,87.2762954363698,81.22207144043402,29.244330284463977,6.886519354117858,55.57791049500514
16.668802839840808,67.70450405547584,83.69154592496896,35.372249373832425,8.096547118230253,55.2105007393085
23.079604598680135,78.03650150915021,89.52467534470745,31.14870349204128,6.612638035447189,61.93869453682671
15.04701681924493,73.8659733645906,80.00665721381209,19.07340675667649,5.338916584432828,51.513441627748676
18.674214957022016,73.58518404777048,63.69796275326076,45.38756635859963,7.192596918731305,63.539528802279335
13.840908203533639,87.47910256117534,82.45005312877281,31.793877956282333,7.305243126531353,63.65147815933783
6.807164260279508,78.94051645695865,84.55300558237752,36.08677323449182,8.12237421870316,47.313336933401445
31.260774875348396,70.46671391741287,73.15474642344151,23.672804946659575,6.746323922457619,62.97927203149984
22.00197263172169,89.03934841086195,75.58022734808395,18.164446214882208,4.8284285952395525,62.60565222820812
19.66649197453727,64.36809191303342,63.62314329575183,30.890980814720418,4.980072667843864,62.45819180030525
17.647351081207056,87.3264007721558,85.39111787420269,23.08893631528187,8.234751914044795,62.56832772908157
17.205621478578458,81.975996046924,67.37275221433785,40.60637318033752,5.594436946143714,65.31702949093643
9.721192825454736,66.52873710470304,65.78140186874687,34.044713934686996,6.09932861748752,52.4367139982325
12.733902801425259,78.52397413701331,65.81313488513905,20.087578379786862,6.12152619865794,53.22628872671699
18.193377826464268,79.61491530499293,76.52354872033722,31.793731234326344,7.299647687837348,57.409698511331214
19.306110305670558,123.41352953392841,69.75911602065408,25.307749843488516,5.3841132125895275,60.27337358966032
23.77007305558568,85.99928729996205,83.49102110743144,36.67801061059906,6.598204973058366,59.95105415224886
31.380757895923686,85.6390912005236,62.42422141085384,79.52408070430138,6.753616597485452,65.87001719169106
18.85796793149835,92.08366230593143,72.20239831504166,29.61529194135382,8.07684814465768,61.15919836448984
16.894332205782973,74.37831973421697,65.63493625210404,37.60012662935716,5.6599279288760656,49.90864815774589
14.127417705306156,100.0,77.11283692279473,38.05706669178528,8.29127383901588,66.66567430565982
22.959907405285335,78.62551485372308,76.95024984028127,30.827505034464853,5.502742354821356,65.30938668136996
11.507775547697515,89.98010109859652,78.76409526097517,24.344859456101208,5.499778138553064,63.69792901884705
14.210459236519373,100.0,80.72057441714144,32.020550767972985,7.350370216386338,71.35022951065235
18.412059000572263,70.11408892849083,95.2360621922964,37.80249966782383,8.813407698515423,64.41048794014718
12.17318299697088,83.99687951752642,69.97025229448657,35.56321979640239,5.063247297497535,62.25862459403174
29.306911853135137,80.57013124897084,80.51476275239523,36.72587585703639,7.2620668090867255,67.66398202504568
18.938316635035704,68.94295331514064,68.62692252971205,18.8782245987723,9.0,50.86319070355636
17.063363344890668,67.65651128120078,68.93134822142825,15.249651332154034,6.147613233925896,53.625073757902385
24.33003238425941,84.03730090336609,81.79142775438196,21.04363097293465,6.7686990570703,58.676008982491695
28.721204462943902,79.0166037320525,76.84740578895725,25.988782824914907,7.306981072686238,55.62009747820888
17.18494608737177,81.84680305864909,60.5035478030147,18.912096460808016,5.642482460158065,57.7578674032751
21.314901965983633,100.0,78.5845361820962,31.748272339287567,8.325276090437038,69.62797228567479
12.339508545078143,86.71340076450466,65.73301691152689,28.074678603758297,7.264268271645636,58.08240458188345
23.856336559205264,79.45105999383713,66.75485838472326,24.146946088731774,6.6812516847538665,55.63643877308496
12.667233146648329,68.20960208840198,78.35058029084118,34.824757479590666,5.962933926430004,53.07452656580276
16.845469869915433,73.94285076996661,74.5134764842955,38.21589010655786,7.197916667342075,68.99463500146244
22.056352078266226,58.64325786021304,84.32191564260384,29.256446347091295,6.804301468853098,57.04893898751039
11.889892366301998,86.77875319530908,90.73019725214857,32.63285422968104,6.743719175748428,57.12082092387768
15.753983206287316,84.19019009366045,70.79238206318946,24.302233890807592,8.424495821246948,55.10195563009763
26.037756855286645,68.30083164289712,62.542826235536154,29.607765273295705,6.7811337482643745,75.03472183887028
19.11765571098717,76.62914028881961,80.75205016106567,19.262978012119078,6.354427927964605,55.16427810788142
16.626274824554166,81.97910783462648,73.06173861227197,38.307030808154536,6.420875890364254,59.66294688303639
13.963895711001788,80.6447441481012,74.94403981170953,38.83101874653006,6.237480760853401,61.92419265254631
14.849853318912718,96.12278257988646,63.693846650624735,32.21886769571741,6.33457770187054,59.240146325091686
24.11756114224708,86.33776880932099,82.44191971499937,40.96428915197371,6.99443970635193,69.11073647671353
36.32101499953771,68.96410682784229,75.06799844559998,34.12502470755165,6.657121138442436,67.50789619851705
19.71373186314812,88.62393472382759,77.88723662825024,21.012047734083218,6.852794721314403,63.71607290799563
20.405169228127544,79.75645407739017,88.60658595838652,26.70858714307198,5.148157268425342,61.507870401348534
19.88892118404566,74.53755551747517,71.30722860753797,30.6286162377532,7.227034478864889,51.20920065439929
69.61050337995727,70.0069776770509,83.48174212666669,35.85104202059994,6.358333179869618,64.33760543825713
10.905535310016608,88.10808273159782,79.8387665118804,23.685291954242604,6.1738880082854575,64.18562841531991
15.066677626601411,81.60573981049865,81.98828420202534,35.648631310521054,7.94118186641997,57.80872044639993
7.764606933439396,88.15737212539297,64.80335661307885,40.769806049621984,4.769531980875541,54.81983299903791
19.065936587647524,77.96326249823034,56.20075614860955,17.45712459707635,7.839349114231602,55.35202038036685
15.39321460937523,82.87124165201824,72.26006918170695,18.616200597906616,7.619738784702869,60.50749072279739
26.322812312209418,85.43298029036387,62.06727042128836,40.230926506507146,6.030256280365325,70.14291146770029
9.845212221711083,84.84732817294474,77.96575545140762,34.77152910065402,5.455062653323242,55.426495178217515
18.03402712041339,80.519458858073,63.61166882219231,33.35687977619295,7.221558473624211,145.17935267448195
22.36671285426978,94.92688568959522,78.27821172843085,29.094975579874077,6.462354242220184,67.13065224550202
22.169816150285804,75.32298798688109,89.2274813609994,31.802112937980397,5.810767534922871,63.87051560551013
31.2921469788502,89.19228934575203,75.8382662792936,14.174198005001518,6.112670541144229,60.180169075331676
32.7982002479376,72.14010539492051,70.35595737690612,17.508054220465127,6.220907260623299,68.56913131258172
20.998713249278335,81.598563919974,77.16775563762629,42.87024684587499,8.166370545669253,70.96172101928192
29.01414231257617,78.32878286213588,77.25307922040942,48.17947776357505,6.446910183085867,74.57328513988331
21.39352218296602,66.76910206592501,77.30700905718683,27.001423547025553,6.253076714929833,54.7698538952129
24.931415026251344,75.06243416838687,71.8392714397295,44.5444953804626,7.113140457053023,66.77616625747697
21.175071530586088,77.76534017628148,87.30874513154735,36.86411356241716,5.811036580465038,64.6192463937052
64.98789788494413,74.71383318250243,77.94224129013493,29.10792938285645,6.121736747176533,54.1467747926073
14.91923769158957,85.50052099024552,70.70755579701338,37.143630960870155,6.5833746943845375,57.09618241467075
11.384827092923363,86.09138120907177,70.12771435886448,23.016311276370395,6.476268697228578,68.62794338013494
7.849144480054356,96.77700814076441,75.14273067836434,38.05955178556159,8.435087399222235,56.632602661087475
13.51071197831363,62.39191188019224,74.54588782067762,35.319417298413924,6.422079223167289,56.33068217176145
12.987931774282808,79.42381202966415,65.05650625391488,23.953667998733096,5.109989828817057,50.126244061158495
19.404944817323702,76.56807724502589,73.09496894002189,10.877565060244496,6.271828099030184,45.96890369652121
18.566311718801543,114.43979255687242,80.48883835317365,43.69632227214314,6.410887867218873,66.7328262446355
28.720306862706206,84.41940649569409,92.04105516255491,39.37374331772928,7.241240248406729,65.15458222982825
17.1340553194093,50.78649516505393,70.4269834491321,34.83296711670815,7.19624094066672,50.66662497240688
14.056782049215869,83.02635465239034,63.19187184691155,14.725151299941658,6.11924591039727,50.68319387405468
19.79172938176854,100.0,72.71400084659982,28.445846944171844,6.757301252174718,74.71788930030576
28.20124560466715,80.14688194729197,61.18955396846225,21.515159468827193,7.544220352340347,58.108267111551974
23.69561364166558,66.54020319753252,73.65503215598267,38.4589464430258,7.526897923665794,56.60621926257839
18.144725744892714,91.72729019259364,83.74389180712727,31.635112252823813,7.448635764514528,66.65147112734874
30.77526603857313,62.51468026761819,81.81359510442948,28.27512337145582,5.649444035657017,52.842409583763356
21.496302102264533,86.38051101440757,67.69043724284526,74.69112095573566,7.827115428565768,71.8247770927336
15.361941296867201,71.15197285973099,87.35811620006939,31.048521489726788,7.22327083592026,67.36907925346534
17.3597330798181,72.64470057410233,69.95820168992329,31.85156738020458,5.878756259905608,50.280453373295515
17.236167374241276,86.52322878413419,75.00207064918197,39.27259251964718,7.700700612120584,54.83516275907018
18.719317089728918,77.75234598107316,71.07987360080871,28.904036084460333,6.43923909302014,58.96231536292972
22.31190427837302,84.40474737960399,68.3801782220339,14.95991972873789,6.5041218279898505,55.75017619550812
23.43549668813695,72.55097355193551,73.44740951175251,32.88518313148636,6.151934401969491,55.26264092044641
19.791890675679312,73.87562625359563,72.56616020624982,22.239005916962853,5.088683108337496,56.70945390481642
21.536178405883255,69.46317580853646,71.64862218828549,26.337212910540085,6.209118208305434,59.83922315925829
13.85367415199426,70.79326406920634,64.28946320350951,39.38205476213956,6.708241367741463,58.278771499080015
19.46527976292327,67.03168052044154,81.89707805245195,42.70901542434876,7.680230208417629,60.16934505068343
15.33309987445475,76.7767953078866,55.373743083274206,30.582992784124123,6.037348988081024,54.068441809871445
19.87459043621511,125.93601866437697,94.95667489783965,38.80657118738084,5.692630217769036,67.73994619039652
21.462123268951473,80.03046020153414,79.20972944389389,28.058549785503732,7.191897735873036,64.73473136306691
15.941646187644382,78.02661579692673,78.5250496835688,32.48887992914556,6.060536758014018,64.11637061926584
21.781908039399116,71.53038651681672,58.568111888458326,22.826862181478333,7.243530204186345,56.161405192908255
23.52114256280162,96.33431532301096,75.22465892812046,28.884822394694126,7.3076766534011135,71.47090499440866
25.003532927293424,76.90790922950137,67.30003933802543,32.530866572289156,7.7309589763762165,62.12402921068466
21.94450381636877,73.7443729849047,83.25098264667635,19.026610422156274,6.261942916338608,62.230033142819074
19.040368820219438,87.59155160302647,61.340442887994655,30.617251969741734,5.327106098688426,65.72576509641166
22.263271250387124,77.13995778119889,77.14713183170527,33.69986899253483,7.238554953773739,64.26556658734083
10.355100592632635,78.49944412967473,76.73341664370409,29.207245598069846,7.3813096122647845,61.69630062413394
18.349689817090137,91.96631486645651,85.72978047766011,29.268803539927085,7.323185482458205,73.93015330898253
27.426897871840772,73.43105721028604,75.6934433703625,26.76482061452831,7.942788514140076,64.43974950849618
16.93270594141289,90.80048065714648,66.3891208982643,22.41685826184811,8.261519252535516,59.35251153359732
20.58197578995631,80.56649924897107,79.39501230620226,31.569051672191257,6.980126364631689,64.41712338116
11.526177791988252,84.24165946401916,62.60741605146528,85.00132873294991,6.911908755970927,59.327938568877286
14.632356186682976,88.95038314076115,69.50459725404465,36.48638916473368,6.5805652473414495,60.985103526271054
22.577709314795516,61.248275303542556,80.95029465835565,34.68932640314227,6.734395439713895,51.49967165312098
27.534536753441124,64.18809297967867,84.15390275560162,35.23980467377352,8.427305364289216,78.15520872804657
19.145723089872238,95.01333651955487,83.29732417879174,31.009423229295738,6.615057111589919,51.10281353622024
17.69266673462105,74.6729916033809,84.18454443942414,23.50078120850064,6.696649932522866,56.71527026718621
15.257153267328128,81.13270410537764,82.04506539824723,19.017124388151487,6.546363612408317,55.75379477039243
12.030883706609417,82.24451818559972,74.74425687808005,22.2981394777231,6.977699716281947,63.935365350114296
24.963099494216145,77.19324923133226,95.89538721694774,23.98051810117572,7.491505647246783,74.76566071020585
17.992992584954308,67.76059733237743,76.04355937523214,36.1753612386934,5.456881772057129,58.04791344798022
17.47887909742486,79.01411867715738,84.51449277058086,39.455128743679694,7.923508616047369,65.9478138029622
29.02395793149613,74.95225078771783,62.67476685231491,34.72337649001171,8.66535191762353,67.86524317713993
14.303606667008342,85.11202599524981,74.26052434391607,24.46199736587283,6.465243329155677,57.12981052035911
16.68666173431417,82.88693629279857,86.7972520836071,24.208077346059127,7.130690024464382,59.8917288258019
21.758434839792088,96.4201516013637,62.3983523482742,21.691649433248223,7.990166238959289,58.44107638447089
23.52990323890746,85.07991326912544,72.48461113955504,28.306664144550584,7.185688580418739,70.68757392936861
25.217635520633962,73.54035820875464,68.6463761117437,46.39849676628741,8.63506639452752,65.56790683466889
17.890919095752146,74.70947322653706,72.65379430042586,37.23214043809052,7.014149264965758,55.574715847275364
20.156546301265003,91.6187830260819,80.58139514518507,31.344478447734563,7.414772890788791,59.462547780498376
21.885483995571644,75.16114165945679,54.961376355932465,7.342755215115449,7.696167997159289,60.745159882597285
16.602213622383367,72.45724149980641,86.14321694668872,40.546418598821354,8.798725018351313,63.75885897454648
15.090675900599166,79.29501221940909,79.57772866151886,17.6083157995722,8.220282896417718,62.063014756724314
17.094595562802493,67.90358981308795,78.63631882624968,31.18471535838621,8.035443416416944,52.34962302227014
19.85524947733998,93.17597535607959,83.90247500836509,13.308178733031323,6.058977299333621,61.461047339185285
19.46158583427664,85.55604466003449,87.23083067095325,25.134187940441926,6.344312280538556,70.39658172418417
17.320910287597872,81.0537550614596,59.01875648116253,26.722507258964022,7.395798848709747,53.31793515936972
83.44832664762036,83.64961002466225,69.86786433528415,32.0117888715241,6.627324416048025,65.48709049912702
20.656368767629356,82.98752908365687,67.65826201221505,22.113569530657387,8.146027575013415,58.62125554569441
15.357264805378563,81.22670315994796,68.95255335461788,23.76117643022689,6.654835294550203,49.938165992479
23.754004086590037,81.79894151153478,73.09960964998506,37.82737689622428,7.2783486346446695,67.11729034672857
16.638913758818184,89.92042349536523,65.01939372685587,22.49659538770881,5.634382595809851,56.30229035894561
24.20185927645395,111.80355424021559,81.22711223900268,29.821768166530294,7.721903485438141,73.36458536471557
16.730485479146303,58.27330453985964,79.99864123740372,32.24807400225445,7.409636118683994,59.50988971638241
24.45958456413629,86.15367484013053,89.81663402462598,15.708996277162507,6.696435674734085,61.080946772082356
24.277990581034327,91.87679388461564,78.16155957182778,23.19571777002365,7.66536893503283,58.655556202342176
24.562487936865786,84.07052287124534,76.99810433718713,21.60275600872047,4.779578991064874,64.2041879621436
14.134668531208693,86.30811684554777,52.80699627252465,33.3951515028881,7.344053921563466,60.34443280210648
19.97838476545659,89.53125045376086,58.45112563771704,31.9430561052022,7.5648423586001226,69.85614850012887
15.68093474963175,145.1924174287874,86.21030667324472,13.600469771380176,6.5848997110366305,64.46150181087123
32.97952833983276,81.42943094763707,87.57149216862572,24.105838912419024,6.1764650293741505,64.24599767685956
22.842997525470725,100.0,71.82284903243766,30.87526777466376,6.5225892938072,82.90081132382608
16.66713728503847,97.75310892609512,83.33333911780306,33.949238781145205,9.0,66.6599240843254
15.105138290207371,82.81191423969376,74.24048976357477,34.86596953347975,6.839368880474506,54.75578892702495
13.923013277993457,73.48581996385552,72.35485158689389,17.845231396185262,6.519166210488021,41.567627941036676
19.69857134330518,144.87940384979828,80.47264797377967,22.985809750305243,8.057814180820795,63.93008012164403
22.06170973741077,94.76540349725896,71.72105283487082,33.403919465921845,6.895657207013108,72.8829984521116
15.913690055150715,50.59611365335719,74.31365953914532,21.181842076353156,6.918954035278256,47.81621820922964
12.318173607974634,83.08050539504103,84.96570510579447,33.033224949809,7.587262413464177,55.17558635844672
24.53234735495454,78.78252491616716,78.27879524159357,33.803445460212984,6.087189080703487,57.14646947499519
12.490763454857335,70.94267699137382,79.66670981966081,47.47277386704365,7.789919722180852,58.01545136785598
19.2324944511154,87.22381357827771,68.94139179241107,27.582555304139028,5.805477060233965,70.5483610526053
12.573107007038907,89.56702316794585,65.18834468860318,37.011645164023484,7.973101561015072,64.2822614275652
63.14648233257034,87.09451817139039,69.07644044347947,28.548407446019866,7.722826894985512,64.05844984299938
21.34272770983339,77.90778126255472,68.32220443531114,31.9440377764352,7.432216690759254,62.911349155880785
26.533703581804197,78.70179300266574,88.21304032273012,22.09701327279401,7.519902139528752,59.54241264673594
13.094038535466183,80.380034781682,93.00511181510853,31.52339111940046,6.218843621868886,56.66865979277808
19.507092929644585,74.04338705956508,65.51083479175162,25.354813579568393,7.326855400610437,58.993072886297625
11.719391250710652,96.07345576019992,83.26047171441506,19.789564667693313,6.727455278638191,66.55436095190984
22.11233237908578,92.61921500713991,82.77407352764511,23.325745519723,8.253132824768244,66.64796185537627
24.140863950266677,91.96571501664491,68.70736606307212,24.327832338956078,6.403370941388269,62.950450643056115
24.077586493608056,100.0,85.07513689836922,29.687843844979646,7.008556080824349,76.25411209646236
8.241979256721347,65.3562511979018,69.91036374292501,31.363710167972567,6.778486737047876,47.074717440215444
28.640703292696838,80.8958068125525,72.41145599630168,32.90492502195619,6.7642887551433315,66.95451371550783
32.91909474506934,94.71170327493608,86.1739881590246,16.538730447018516,7.994447375508908,73.22485695686842
16.54509055613192,84.4460266822014,72.90686180420639,28.25077378051971,7.38737148063299,60.98040401635974
80.54815462490222,78.48726716346488,69.2964863358632,14.882805663230776,8.119244917564096,67.4520424654088
16.261156841451413,73.53772690156197,69.51731205074923,25.802700743465575,4.375182943625888,55.239433871889204
10.660224958856578,84.09818656928513,77.49308595641729,28.87699952875731,7.577363525106661,56.79393762846262
24.048916952999623,61.18150954502361,59.833574505792086,24.32168806213172,7.075694940005094,47.19719048672394
21.039085555107093,64.0700626646833,76.89706167610396,17.719678019741124,4.613070129804328,43.50954714398175
28.52302548793913,90.00582318042979,87.17959152305559,27.075952504117872,8.181567716419146,64.00478901983664
16.323267857093683,93.04340242878152,79.08607307701767,27.025136941770675,6.924128549314977,60.627949089498266
23.377815420143424,79.96625542589048,68.8776326549225,30.409583215048684,7.412998912137797,55.373597445944675
11.41534938729171,91.33770096867065,77.70057358391422,40.325155687380374,8.452755545126184,62.01181995574302
11.933296933794338,87.08214423256557,57.96128413173281,28.37980618348136,7.868772500590771,54.9496324846739
26.862524259241574,71.89747562985619,92.58620484195134,21.4701205448062,7.831616786180404,63.95300152585809
19.75905229613394,78.0509171964732,56.79396699451483,46.122200883685124,6.705544242411966,63.53280486294854
26.951573474044423,66.10427533236404,79.98221748496785,26.327277518248067,6.731354246690257,60.10758929952322
23.87290508684645,68.06074993600944,70.49987142004187,34.68723360931719,7.267843637866333,68.85148158715015
15.919851670529056,73.61038252310497,75.20886488295962,6.744094245426869,7.086110868258978,53.24160578669538
16.903731630695756,79.39339186185379,100.0,17.19783116397032,6.942604634925964,59.70936666528001
15.908094512013209,87.08303847201064,72.87791030098849,36.00879563605848,7.56677172618418,65.83453049897574
35.79429238902435,93.73658545162958,70.48340523840378,14.248614860671335,7.294971455708821,62.825515123501376
19.8409167473047,82.17432873179723,73.37207093927705,27.73488882604986,6.222628515154094,73.37586020035324
94.41013145598816,80.4381147197911,89.19603004513637,23.225192270997084,8.868817840543853,61.421207455791674
24.26575980922095,82.83287871546142,82.56788679986983,40.20312590399212,5.556395737830235,61.99477249445904
15.186336384670287,78.60410371844826,86.2543478441477,38.56488447983349,7.886191188584796,64.3284184911217
30.53204505465923,90.72507337309803,86.69589992427774,29.382231638215636,5.913945417881914,65.64232804614777
20.405110888460655,85.07835756289624,61.73527871688917,25.742651494982482,4.781652239948919,52.29119895313199
14.460600523334573,52.967677070007625,92.5547569831549,25.31257861345796,8.103933546701906,53.05102362686721
17.243834602758536,81.76441555277225,61.80752805401232,24.43444098242349,8.021515392781865,53.63213623402147
21.066206005599522,65.93682536328166,83.74517074132523,28.797436317825024,7.279083858345185,53.179256028468004
17.943874435517905,76.08241850956178,77.60442263333556,20.855845503410173,7.480260501405925,54.10885989789739
24.511598196120644,90.50654396007612,73.08972237399831,43.243256904706364,5.960193468973116,74.06296562393621
23.67005773304521,82.60673765823907,71.96273971223336,23.729971831004573,7.194842340270138,60.36943593553595
22.078689256981853,58.466098863962856,91.61470165728018,27.04634239642043,8.127780250633899,80.72056015663273
20.28188356258845,87.18953310665067,72.28344889673947,29.209238390085552,7.34859511986098,63.64702860087304
13.579491402043084,76.30389663956366,63.523086101843326,37.30778985613925,8.040061819902576,61.765915804239114
23.08271570547325,73.37099082449052,78.5561334878566,36.64153449490088,4.145373337095609,59.79919781973389
21.18850856460713,69.9345743472036,76.71839339793532,31.28391699178784,7.246083615316409,66.8188589485153
22.294458477104303,80.92844901141115,63.32220448732065,19.026054965891955,6.858351413989873,46.60745912269883
35.360507229612764,80.75433638901593,83.95355430762599,23.495885021918962,7.671944607814497,64.67537352093198
17.183153684390287,90.49552715319335,81.59245668432405,38.661528431096585,6.5117261575484555,63.24188132326597
17.127508270019135,85.08725023229934,66.66943942999241,14.25196629249557,7.65233033817668,53.720526031272016
21.25318157002853,67.7423433699766,78.92415967178766,27.25960639313788,7.516946515748371,69.5959553813609
14.085643721986738,82.40753179488568,74.32821709950645,28.97876254785448,8.149672018878746,67.92215005964296
26.759390177286544,83.25796316582166,90.19283923641768,34.40638057818931,7.626613637263071,70.94580997182419
26.19479156330688,83.74056569847572,74.87911052153946,38.4649466006972,5.908374827840897,60.27413682972156
23.66222159260079,72.44254840507155,77.50200206251695,21.79397853087778,7.703427916787309,62.222030903321205
21.12060058686247,89.7519762978243,77.4132193491678,12.583479628457162,7.138645183710085,58.39352982635036
30.058623873651698,67.45710576830751,60.51408585366456,40.49586990859157,6.700818227572565,60.2029789143356
28.072520276929865,73.31855914461006,89.10459145203504,30.375479216482958,7.771796177235661,69.23454322982046
22.44951653428683,79.80580394112268,80.62880860174354,13.852097084890897,5.953878914937496,63.539037110518755
23.043644186643785,80.06422269810938,53.694335201928,34.66057055047044,5.780715533477807,63.14595035886776
2.0,85.38755992446369,87.35782191822155,22.76308500004987,7.759514887486108,56.158622288009475
23.926193938124346,77.08188731084456,81.51521991339506,30.272219288577855,7.0678385139169375,67.30394953647206
21.843797125259655,77.09725455811349,89.01598592946429,22.43594496045815,7.126267736234068,65.94231155302926
21.99388407187755,73.56481769619857,85.17661466843502,25.599077736507688,7.200459631413729,57.83450762850214
21.50295710207526,70.08607650543692,73.24145595567929,36.735869563617015,6.939596270803092,72.29527883652939
19.579005731248117,83.19174510419181,70.43879172525811,31.448501942168658,4.909697101146843,51.98807554033097
17.98529180425923,80.24219456672758,93.0930634973311,26.024543799056175,7.813980860197741,67.33030160140892
26.652221483497446,79.85547729121721,78.82988984740929,36.796895908129706,7.635967750711738,66.15189351838275
20.5195387248374,78.99845923520047,59.140166877620416,25.748363589126278,8.393181257934906,52.844617630408266
23.503569111955784,71.90396480078354,69.7375214348258,12.430977431200429,6.228228042607125,50.42698601635201
30.12284981043539,64.74343685429905,75.2538842054241,22.6034870849752,7.881146720813369,56.699541318072946
12.077260321494343,65.59949117405705,66.71502975219754,24.30260908659165,6.905175768719128,48.747932924651
12.578295734731508,69.03724913104799,58.99096021523484,24.338992841423792,7.388375729230169,49.17297148095716
21.846810613352353,85.13105798176083,94.54157433750287,37.96465211201624,8.00715720059667,68.59464448771227
31.28694241664354,84.96699223236521,70.44460473976129,42.22425087510266,4.808746148834719,66.31381747432859
26.08622039010878,97.10613372581925,83.53975976552223,19.215623104478663,7.701494781924715,68.99300552335498
97.19434002002244,91.39878561129045,80.53251219984784,47.70024831517794,6.197719972860456,67.14443033366575
15.689334672485383,66.33121301584579,81.93478911913994,35.43145032047423,6.059601083515647,47.79578016841826
21.28387946440533,71.494795457907,62.62337577672702,38.188245153482754,8.162838577534986,56.41246603662425
12.714868323273606,60.24533433646128,81.68741655592513,33.801341971963055,8.036302892072479,54.881160044459676
22.83942574744127,70.1751260646169,60.76042847549855,20.42569082858951,9.0,53.407346441624966
11.588893623246314,68.56995087269516,72.37109170791733,27.135764962024112,7.207603351400626,52.23601431282218
27.13409918664531,89.19154173610002,77.20541427013868,21.142745465580386,7.148876803917691,60.78991505987009
9.327678506574328,83.23079273116029,83.97066196887133,19.203390307587743,7.686353555014533,60.52474913788898
21.107803151193824,81.25576453471542,77.439531979085,25.177434753728306,7.311652856004779,59.590293649491414
23.418603681393222,90.56056809066052,86.35620147182944,38.93467020423964,6.948477071475354,69.07510064412025
20.92235063567317,85.52489954417148,75.19147777415752,14.93479833553133,5.434351968394404,56.670080586850446
28.976265868935098,77.47646497873713,87.74875041278722,26.67828985675783,6.161107325974264,66.55334599628023
17.68811841882944,76.908835357975,79.6259129285395,34.43246216892726,7.363970630852738,62.24843659696008
25.097612582126146,88.38490774451643,66.91734278359074,32.70418784881367,6.791531789459592,61.063708587961095
10.433434047233797,69.53089017318061,67.78262446662747,33.9314356217616,7.487305237044994,47.616766074359916
28.416765865616597,86.38730222029184,74.80739620265605,33.92966132329597,7.957791614472906,67.95574461609733
22.89483449145911,64.29499396376823,88.7284847467653,27.353686205379542,6.41509234658223,61.732816471821074
26.498307459051663,81.22297503032284,82.19757942148182,31.778318846406833,6.01446039927907,67.34356842479718
9.779705363869072,84.90974951638252,70.63235762761782,19.693539060291698,6.659401293090139,55.43613749678027
17.150328133034265,80.34083468259226,66.01215951676872,33.53045721359397,7.164294765370569,56.52202080481278
15.509080780660678,89.27840128081237,77.71495310825648,28.8237966125532,7.608905356254632,65.7556202201945
11.311916597502536,75.34689543219946,66.10759171771676,37.10003173931248,8.534482101794515,57.393382797261644
15.780941449244676,71.56753404683808,83.20344012612456,30.14090601546926,7.249548189598077,57.074233085864826
11.840863154120484,64.29123847931501,70.83805595114745,40.60345687276063,6.503468264518031,53.92751798741654
75.25661375133426,83.61503525206102,72.00161803725119,26.819537876066228,7.09297924652941,59.679690730291874
17.844247455277642,84.2406104446409,88.88337778208448,28.703008196161132,8.609520665775973,60.715720965521186
16.979146075302804,83.2876241030348,82.18185725707934,26.70805484350256,8.656208252057295,62.741888172596745
20.439907803130424,84.23599065593461,84.41310580767484,32.96048892215164,5.779679310056024,60.11180011441304
20.0314621983091,91.85704154662997,69.53319915412735,31.563853852426327,6.120717217588012,66.68082265167283
23.35874268758624,80.82439752934503,70.12797078805073,33.714958908372594,9.0,63.87636075941114
24.246511612732853,80.43602446372454,72.9414056911966,38.014598829455494,7.0151829425404335,75.19650010190125
22.83558489447826,63.83689391563412,69.69029102188036,29.02354294302978,7.957839631108268,55.78727410032808
29.464719678580845,85.00844474944456,82.57921849923619,23.24046849125203,7.157974312251452,69.33214527961276
20.491244836317936,100.0,72.52974299254004,35.771834590058745,5.196137207437635,62.08643300743403
30.014129151736356,94.12220555415429,72.81954104607627,28.53944820496367,7.128617450404967,67.13604621157396
21.674129154622037,74.57326200265979,93.48608833296412,29.26524188532036,7.211396567470659,59.823956231436824
66.87494810156987,73.45924316872576,70.34194430881837,40.02274107541987,6.764083470687876,65.52226790142632
21.332802629802277,82.67126651011483,74.1940025070324,30.277709990020494,6.260971341976767,50.999320757616765
21.164539957389845,75.27909422302872,87.95871781863015,29.52467854982005,8.292745289518207,58.26629426126033
29.55911975983638,98.73297776217545,79.09762795959497,45.182136133967816,7.356252788706083,86.03128419069668
19.80123816275722,93.10308746119608,74.68941067129099,24.085028740327708,6.391993857062676,69.54625963466044
16.546173042573358,96.39964529371393,81.29529584221811,32.576658486135884,5.730001402606124,66.23719048337607
22.050535854662957,93.01741289398798,72.69599285794233,23.47026204366428,6.313720864244916,70.42270817477308
25.043861293932345,86.55900776529761,61.3168496116719,32.780492910428414,5.9915512674526505,67.01221549878677
15.014299301533773,94.77530081055262,61.7754204325643,25.731197548486666,6.93046771375773,58.770629331732714
11.419151732236204,70.9609235853521,78.19651825918977,26.97593680785426,5.0044682195482615,50.492645224657416
26.392882250392105,70.12820472848816,55.7232742065439,20.527755534219523,6.720492536703467,53.57194261131786
19.80383151143544,91.73473857485325,88.81454078690487,25.08701947993347,7.223153054747697,63.15677087333368
13.776523074041261,100.0,72.21037069668192,36.5240081795541,6.1948282482571235,64.74222078809201
20.36138125964616,88.70067730688754,75.40919175395722,27.59312202287339,8.558789184496893,64.23059145303269
26.95597882018549,75.25096343377476,72.55919526325799,36.71574803614724,7.2430917276606985,56.46905413965613
20.27343103942288,79.11717951648745,55.298961822881644,21.43318065052449,6.389142360194934,49.27603311465549
32.0612272325981,75.89185712045415,87.28980502489063,37.96894571928903,6.477868429980008,68.95304160870134
12.532071780131497,96.2467845846956,52.944339429009304,38.655878473999536,7.489254535076328,59.177431244948544
7.559658605551103,76.33175588185313,80.82026567084726,89.99122913465493,5.368664889582927,56.8513304920424
25.75562495651124,63.86438602123259,80.01782736167544,44.457573149103084,7.135338347892291,64.60627796714014
22.55274537070979,66.20381835211069,87.72353500106767,43.1249165079063,7.887079776446287,73.67952348443694
13.263667870626207,74.51275092259039,89.76934426118274,37.83111646845423,7.685589746298416,54.66410898674653
16.0903979143651,100.0,83.92597338299309,45.29135269711779,7.504483256383017,70.8853154454991
26.48468435332773,65.42448500535069,71.48078682183491,25.5955845463321,6.694389385846197,61.147395689078444
13.336544927205027,92.17158520825497,78.49650047299694,30.585575928013554,7.692769031848861,63.9392167781665
18.138399460439263,76.94775295645333,68.82746813453076,22.141571356981483,8.12790899325357,55.52275400200033
18.61439281874793,91.87386051564751,75.15618333949602,36.26298987958858,5.383286625051985,72.71011360065933
24.26968926853334,93.28194141849058,83.1877764375486,24.600527849675583,6.331654805153199,64.67030966932263
27.23905379905014,85.6091944794124,72.12552480599645,33.43472658241387,7.670911248276875,67.78097301084479
30.17873820974023,70.25470695329358,90.63413358832108,30.315576385925915,6.961257105010457,76.36158428358159
21.936311362028537,65.21088431225871,57.2376476710168,33.665344918309586,7.591442151751854,46.839068085604964
22.66291656887737,72.94988144241591,48.95786143372866,39.49387696141865,6.908293975854874,50.17528047592848
23.105954122814737,70.72646865809426,49.70439922305697,22.038812145172965,8.604339108308597,44.78035918245622
19.24527847940211,92.81016361735112,81.97903272539028,36.11223825258288,6.267031100876241,72.59107268096146
19.051952608526065,73.56450167682539,76.97292265631206,28.112240102312228,7.386382653848061,59.87378993594943
29.51610089687211,87.0810867668859,86.94109403047372,12.780931643126557,8.159381043300522,71.40881542529954
25.23392382032407,73.30927261340084,71.40231354210914,27.76151726098395,4.628340639141108,72.3928084879447
15.445204030677813,87.42095372009307,75.32796995411587,38.84720339485847,6.392527712379692,68.0763936319069
17.1684088052634,78.14712341122292,68.50626961678574,32.27000818929201,5.626597111030251,72.90218587329734
28.662587624439556,73.46233661351181,90.2100622715938,34.56405766683613,7.969569025752907,72.8139812433788
26.19106723681181,77.31469352094167,93.32557043479201,19.884012744360277,7.30734561670797,52.397370734394435
10.908853626808686,78.65982833327082,67.14013967365018,30.418067923979866,8.294985584816956,53.886474292702644
11.55521735374067,89.34319911239274,66.37224235956879,42.724656580942806,5.417823236653873,50.3751081078571
17.077247697411824,75.46771950672725,66.74589470021044,19.020275616927194,7.37940539760511,58.13280789856695
12.229527367618303,69.32467085745728,78.97927049946809,33.66244487940628,4.167674075015859,56.04862691311022
25.26417374345403,85.16178287114958,75.93372374276652,25.61439761466582,7.06936980265807,64.79099441099858
29.393144175406043,91.00959634998571,90.78118057562185,20.565047026939062,5.709438578053781,75.08487003146006
20.27861928893689,84.47716925810278,82.50579167521765,27.423774764063534,7.928245691344324,62.23504918729676
21.34330414567479,91.48445709196756,89.55822322146767,37.157177500590976,6.894181242502302,69.8533515812762
16.575522237503144,73.29379790923355,69.86803635486604,28.78960623813982,9.0,48.39531593689125
17.226348267769744,64.86285607387173,64.9594540315799,31.275700054433035,6.292089059325924,62.68716896935686
18.363658581513977,84.28307097207649,67.15238091872297,21.087628398704055,8.616300042721917,49.81692765466339
21.735011863446907,92.65707840864701,69.11133173261304,38.726893364829586,4.82178868026857,81.15220861278998
17.07436265556504,89.13584626233249,48.64252260983122,35.124343480598185,5.994398624310534,58.91882394813342
22.740519314922704,100.0,72.63444712781055,28.083984623826,8.060089739908666,71.3652906800173
24.6251911633218,91.64739354457171,84.96858773465809,24.893738187772048,8.820543907941815,69.64582186188734
26.318917119997423,72.48030668261181,66.51571365809185,27.39511158281197,5.735993832052636,58.76225323707177
16.98945773849278,84.3004164719107,62.79287574085841,32.47999186532444,6.775681029121896,71.09863356241365
23.02992367388274,74.18319086051356,94.76440584515485,16.651205928974438,6.4101076822443925,64.67757978094758
25.544162115241406,116.79959252070549,81.22069990306049,37.46502457872855,7.1263141994832,68.8357705227516
23.939321651802977,76.75168616491378,80.57691060725125,32.50547579091984,7.084168230185696,58.75338200177124
15.4204450607449,76.27793223928947,84.21801501977252,25.345743732863568,8.180128173741528,54.8492498214376
12.674938100173867,95.73986763290033,100.0,33.57498000642158,7.956703186385658,81.08208443798858
25.01415267239085,79.72485094949364,67.90420145250827,32.646810436924625,5.959806280184102,71.225262850973
14.66291342224686,87.58928589786765,84.87334516589102,22.43403151442575,5.4571967817571005,61.59119325577138
35.44015881949916,83.38483843461691,68.42165446147862,31.19490785816951,7.703440133138894,65.25084222397513
24.922893087184185,85.462842480037,76.41257140087463,35.5428606738995,6.177923988172073,65.99603568985523
22.828493338318424,77.49953485401048,72.69475374819748,34.7307939340672,7.94881309647162,61.00635750608254
34.731800839465365,71.33825151785499,66.627375689503,26.296483903797935,6.470533036492991,58.245287374221284
31.079821976285995,86.21571889856051,78.2405702822156,26.70223403980424,8.748137069120835,71.90189931991532
9.784498374572959,76.96820217165724,66.20185646497946,31.160509967675054,7.473407415712466,53.355706900292205
11.218910311207289,79.19283419891417,74.2423571346454,40.23571945326201,5.968044757905565,57.54091841190251
18.043858806992954,88.8404539636105,77.55383755674318,39.55673776410985,7.219302337200436,70.39640980228498
15.244875569403796,76.20872259012513,76.05894453115235,30.099994575258002,5.158102227042143,56.795919370888726
16.25108853382593,80.70052163113182,75.43514668643466,32.573428331012,7.001619031356941,60.7976539445861
24.976433487100934,84.66429982433526,100.0,19.839511290303744,6.250642310577223,62.065053359319556
17.83420300508552,85.86693801475275,64.83316871423503,34.2668739576436,6.917284976103507,61.724379154998715
31.788350797498335,78.61544016016227,75.75955267916088,43.565783022486926,8.188596823087009,71.61180142920495
21.526525059807277,71.73119645960139,78.89614177370903,50.0,6.033843276629583,69.27215716024216
23.543928984153855,75.26160652929084,71.14978188287137,31.14439015903162,7.227495875732053,50.20720734226755
23.09021160325196,72.98008312193245,89.84116028535965,23.81872443783341,7.494063918975519,68.09921191805715
12.078600757876147,100.0,60.03470744909921,29.408217091244975,7.324340210014868,61.04516999080051
13.513660757550426,82.1319662823769,74.68560829625224,30.063041477557825,6.849883048746193,57.35321120166817
28.123234244992478,70.28385961489349,64.96042627918501,41.91290486662632,6.035799928576755,67.39590309440756
19.79006905701823,100.0,74.66387435296286,22.197071781774,5.816943815265611,67.52757620353641
16.173560094492103,89.69457200526736,68.92124739324183,28.800474247367124,6.438157900648301,56.03136723486431
18.579088359559947,82.78994162223802,74.33867385374178,25.804414909898785,6.518234028906525,57.459659628272355
18.595079751659984,86.9822331361359,56.063853330462145,34.45242499627007,5.633141636719174,63.42142420911253
16.238197653273396,81.23204806784486,69.83570356112428,35.31762196266488,8.029413100955326,62.09122379466528
18.442451891818372,79.20358608754285,66.52366071380915,22.08033765958389,6.774343619287748,42.1331555717392
19.605498433562072,99.58347454220593,84.85449685615218,31.3780350912883,6.856741084635807,71.50684483556351
21.679811757918923,88.83109777147159,72.98508466052482,28.56725371987075,8.44194500580189,70.07043110741215
29.99284666677546,89.50307591973575,90.54160420714774,27.03533790079374,5.634978204573365,67.74303872741692
23.46243276308324,70.01614560811709,61.22382499245763,35.49652636687133,6.899524279428295,69.25891278815277
18.896099981883925,90.85982116175032,75.03695671847848,34.66190066539092,4.0,58.0379272033368
22.936247367367507,83.24359281721603,82.31870704288295,39.8337182743764,6.300504779832357,68.24443740857767
20.030680739854766,89.16327674702481,59.46241233983936,28.963862025092475,6.867830644355628,56.94555960168549
64.2158773931656,61.96860323744055,74.04535752910927,22.857699876064927,6.737253252313496,58.208025199655
22.085490232170027,88.08057798281145,88.41475915530881,38.5581716398708,6.51152391988964,68.8201518012782
18.685396827146814,66.43418195376594,74.49795382958256,31.55241554884699,6.415544708149562,54.97337003059733
13.594277423704433,65.78189333258156,62.004187630724026,60.310367894181,6.8847757674478025,45.35422232142749
11.608594557085153,71.81801116577692,71.68691616816677,30.36178167199986,5.41641161021242,54.330842470113694
26.342733357313495,64.2360784301575,74.90699678861385,27.309962090551423,9.0,60.00640387257085
19.919016651572395,83.9922312260528,79.7635776935622,33.62806970043574,5.848846263447131,67.77774040809618
23.724032585304066,73.07579020126144,79.79441518086064,29.311442457672854,4.0,64.02693927715494
18.716066934646946,77.9188314272746,73.40954789599948,27.51753835692077,6.3463208593625815,55.88762436461474
22.1467241620897,81.25224502647907,93.04348109786743,31.48140429463931,7.243657223702715,65.47010722868994
14.48345459459718,77.55843364709351,71.45959289058976,30.33060505816495,6.889187439720913,49.43383537312215
22.254188110074033,81.20031326718261,87.38946352939438,33.593749770280276,6.740199859232487,64.21200957983899
35.161594555241734,115.06850940936955,52.61768766675028,32.413600071213885,7.993782214530439,56.70151783339002
15.61780020969718,74.42508214992166,68.15370174239996,26.656723633872875,5.429118542874088,63.51678399875031
25.289838541696703,92.62584103427182,55.80326843802344,17.219206643236543,7.001325688734407,58.33746571118729
23.794446434333125,73.77350638265548,73.23225836884218,23.743972059911705,7.645587712174193,63.109647131488245
33.13881759930604,73.94384460263136,70.86534838876725,34.04772442764692,7.295279940620868,69.83126710242246
21.685951206410195,68.96633393826127,69.02489805308359,24.978128751323954,8.50913101340455,54.060078349369675
27.075783104382957,95.28468426412532,78.90695920928144,19.6589972227819,6.649150569923526,64.27539278614937
11.554929831693073,96.15375689469442,64.91445315923792,29.48249115973985,7.822782780834002,53.76777886292884
22.951515029039033,73.22284630247894,65.7048913980759,85.02415981570755,7.819925252635234,58.375266279237735
22.87387895447835,84.36559804157667,74.57176618688425,48.42911001683831,7.5457867135323555,66.19328792045188
14.746290479691456,90.24062525811462,82.90371896051711,28.534796231573644,4.830322582274298,51.029764420892654
24.88110330421802,85.97400069849859,62.60892924346099,33.78777519228183,7.8913036868697555,61.37476824030123
13.36199015596383,91.48765700372104,78.9046484992889,29.252905128800414,6.049089270312768,60.03241764341238
6.188473011586492,73.90217095680617,98.6387249461936,29.35297201707631,8.28381685985356,59.84910366193604
19.674230800893127,89.85729995679863,60.94432980821358,31.701918206861283,6.9654493760460365,69.8173836468469
20.597908190525846,79.35861653407008,82.15381315441245,30.58144419463473,6.2647989652367535,63.59212421496917
85.59825540458282,91.24112719986013,87.63706677654669,34.04992791444741,8.378469627461504,76.21359393147776
9.98356831327177,92.21033695525352,76.75211418908512,34.021958459926516,6.512294627051255,57.738332300154546
99.72616414360643,79.6677000935554,97.18780233448135,22.255633931918037,8.350852330699006,61.004554213037274
21.17912701820882,85.21122428379338,69.71022291935985,30.394466652161782,6.87665593595389,62.826083077186915
24.875154934365188,76.37559058596868,77.65362349399628,17.884237526553864,6.008303336559689,62.968661145719324
28.6818673061224,96.12220628255425,92.38851351853332,23.148014100726407,7.6594512411136115,73.52424767158874
9.650493004921803,97.3596380316525,83.29474841931749,25.33120538923196,6.920932658135444,62.13496089391576
31.19464706686854,73.11849654822277,71.24803619676064,20.10058689421942,7.526536683672307,62.262686544390384
24.430799479972464,96.83927691457869,68.05286868910942,34.88172935671378,7.2047588824017845,71.4401338810855
20.46420984588571,74.35752401342612,70.06877177600228,33.969593498906534,6.4106677685726385,58.05552923311395
15.150210287869092,98.26009713546937,77.60280506582886,24.173822380747097,6.223500859506999,60.15193957885759
19.563026524058763,77.75366850002976,72.33347670765585,37.149581515112885,6.28395656372416,62.93020585967074
19.4236406016521,63.980341881028316,68.68422270834668,36.586239325421644,7.3842020720058965,50.286655520795776
15.36304871277457,73.26509375756132,70.63280263959405,16.74701433857781,8.856647436561955,54.694864682116034
21.246126122978666,81.15026079147417,69.42576946891678,26.700689454268158,6.6001217613316285,47.63070505697761
15.938467998164247,84.94030186282738,68.41883510924744,27.691610432994363,7.460271624982304,60.881011681932414
19.90146262356349,63.1656180777905,77.92192728326373,17.73839552088055,6.3186197649304265,48.87859005842932
18.07168495008204,76.97530313511872,75.49773687180961,28.808245521861625,7.503252064749505,55.61444252834909
16.33089318204831,81.89581616598744,78.86323317811559,41.43086166250854,6.131739038401667,63.91249120935515
19.658326257673597,75.64513629430157,76.23547695955583,29.14930397974948,7.111799158203389,50.545767912011776
21.025192628767652,70.64561297955404,94.62587190530795,25.023721555564947,6.919082662337312,59.3583056948999
15.842542428436076,79.01110346808858,80.22514105265758,21.397500855606097,5.472832143410352,55.979683365349054
26.294055355021335,84.89187130147664,85.90980425185967,41.620933963889435,5.554794735587775,91.15647123405068
25.507171682328657,88.33528961608924,90.11154930247348,32.3852677279242,7.210668465203111,67.90452877098149
20.11060359839236,74.64036554885952,85.11463035408356,33.97498872406078,7.2106008392976415,52.226730690396536
20.211581311830372,67.75701763710634,82.42682418359722,45.17830955818489,8.849362141386381,68.19468471232705
15.242763006425935,62.39237240844182,89.87246155335927,46.42377619601331,7.288728003009837,68.882514531588
30.786119161097133,79.7347874075094,77.57752540142751,13.377505441150426,7.711410579465495,68.46119832147322
11.086637761778167,71.08807774584713,83.14151762118266,15.655148379723386,6.752247581760291,54.991530076721695
29.28503120798037,87.93488720552213,63.977078501635766,29.943640116155564,6.312985900300503,64.2839675137484
20.78444346371655,92.36093175210438,74.18477326898355,70.8531001731894,7.929409984790816,71.07441859079603
23.364707158209406,75.70594458874747,73.09096208272702,33.403558913473375,5.90979159320057,59.437488774665546
24.722507622454714,100.0,77.46504778432005,33.647233561365624,7.479827035366833,61.31514676645263
17.528738203265195,83.67365506816178,80.34629086122435,29.74175511160424,6.699534051279296,54.953377897890796
15.330171647586123,98.38183676795123,70.14694164632132,75.8342209067649,7.019344070811754,57.897426605030006
16.403749862277362,85.36652752527286,76.76820872139398,34.55808285758918,8.071929865211796,61.58224846012517
15.773937856743444,86.3472146856177,95.12270445700764,22.66943264741264,7.666269672043523,63.7414903097936
23.459341778334597,78.79051851392218,72.69133626155231,37.8225243974896,6.538830267965381,63.60476260125299
28.456084641113478,80.76851882958768,83.45157971184321,32.15435802064587,6.81614610684079,69.54626227663732
16.625199344634396,96.95051040430752,67.53421653459762,26.019433292918343,6.025193424077158,60.9018128752829
22.42430514088723,69.60094072874469,91.42672953255963,32.891338538184826,7.243123458512893,64.87500851193711
17.55154776187069,77.18672442881787,70.91899160839779,30.413287814808637,6.429359569799887,61.90462404228586
16.538578066025583,72.46582129653817,85.35249334723753,31.11248318922734,7.585299436516338,49.31609010547468
19.170414192972892,89.24633682912769,73.55481329284483,23.116919913763986,6.9687965110609165,59.22247449153411
24.25013868379612,84.67693171765433,72.70451344639653,19.337780820162802,8.229990368438683,54.082361272696
14.198143141224723,73.73282775410036,82.32492102779803,50.0,7.286774112382586,74.28414325067787
32.45240479187263,72.52788320852177,75.8568716140336,23.94588818387259,8.719040612841821,64.56792447653298
18.68196867297493,76.5134786559214,75.00527958856597,39.60425326779098,7.633661024774058,58.02624276573122
14.373049760509264,80.40591691203882,79.72406277880377,24.584038892331748,6.373684723816993,61.951347077522165
24.935269472619133,75.16813537700627,85.6020990749888,30.47187377271678,6.190619178917246,67.95403809153707
10.578651680657261,66.79977488779295,72.15124506630329,33.772339043345646,7.782629826316518,47.2683001284654
20.291129767668963,80.88406886291847,61.489256337919784,34.001923755492555,7.6577631761503735,59.60256548611229
24.116308759990638,68.96791634278317,74.37808983000689,41.076256380751246,6.155675962816929,62.92436838561723
16.818454289765356,85.65509645631545,81.8205206571262,6.564410479981856,8.267651511187974,61.453212709570835
21.3445548908625,79.72695460490068,69.64198536947703,25.792962592838368,6.474369066014615,66.30997908731692
25.811869943197337,79.62777763490159,78.00474359610828,36.077698363873345,8.420504287271063,63.89991121861151
16.617652683176154,81.70416222375488,68.39678860526553,44.37088658341571,6.682649507757465,67.00603455861095
20.880282118599936,95.98647170504717,92.24696649761108,35.684392818382285,5.879952577530128,76.7383404361148
27.20728353298367,87.36843897092433,66.04653677636976,37.66708655873634,7.791859310388068,68.37699424716801
21.392299624145817,65.15102031550097,85.97152711753695,43.02774843817858,7.027313379851439,72.23204091618021
15.637176945050788,73.88230909094715,72.4382024750462,15.350840973293199,6.975767166130308,54.82439676117025
19.311581351198605,77.96419639897638,80.84412980472484,50.0,7.89206759973172,63.94774620547141
8.520318532053214,73.10812181910433,65.60096898891135,18.82305451909607,7.198680009547407,47.37062938523778
20.126023049796554,66.8816376764984,79.21586610614456,33.33156830481162,8.005924511796417,58.671563590061226
24.541931699872112,78.1710355889516,56.23447293958126,23.408516104224002,6.784039479649768,56.442733491765765
31.257025035295317,139.24884439492985,65.75766855731696,30.62514450375718,5.567328710260347,61.87314269905457
20.061398366117523,76.83591550305198,75.34152417488025,35.76908290036465,5.920263678724152,65.33523380382583
24.93236095996694,93.84272818510519,66.89142488789662,26.88061034752444,6.702623920756894,62.89493088319154
19.703217742085403,78.71462488561069,77.95624488747094,25.085414847229643,6.19362307088195,61.471403859209985
18.516935704876417,91.88913371474644,75.72036861283745,14.1960978302629,6.885197751240936,54.6791760376737
3.818680142350569,78.12855734995452,71.2949190140997,32.06928918284311,5.607264527833004,48.993466138853236
20.493703935652544,77.88869761172306,78.93797298216252,26.818562451083167,7.627606297561831,55.011326033934736
15.46189552829418,82.24684725751887,69.5044286409142,21.915214240568694,6.966074774072091,44.441955384863526
24.714800951904994,70.28343265458714,77.6402008133367,40.90050282169962,5.802033570782738,59.149433802513656
16.096144585269037,78.29815377475072,64.14849473442202,25.985726457507745,6.785932302272139,53.13781576255534
14.48808832109481,82.33216131263502,65.75534011870445,25.773623626696168,5.813663572890146,55.13558133068888
25.194531165020727,69.85243269307134,59.357583882889486,38.469828239071035,7.698688813517044,64.08696018101759
7.771252788932877,80.66990717224871,65.04184605209771,31.83259750564562,7.8524686434329505,60.00953346076009
30.767347181106725,93.95683810789956,65.90316583018166,39.53519467530858,5.985520273292586,66.70436521899535
25.226748220590153,55.75759739727059,65.74575373940412,12.480626360171573,6.103667341407938,46.16327338066964
18.55804761105119,75.35382702701607,79.69267589808527,49.88151933343113,6.203863196813504,72.16582343355807
10.910916651884811,70.31655545136366,80.88553269770719,44.6369616137287,6.936876986888752,68.24290663729242
22.28118710603578,64.95279625968998,62.967991446108556,21.65937844263539,5.309328372393548,54.659129844567815
18.890587181342067,81.79581781939598,88.28933319535409,28.218234393787142,6.530869145789591,66.43676417450803
18.50578376266173,86.4828043384386,82.21562505126144,19.723325874400246,7.514062552424776,69.49858704080039
13.225689372696625,79.75804393609084,71.97954500510136,26.85176115224217,6.423580423665156,54.49437632447038
21.62274095467903,68.58310885866496,79.81866061718492,39.766570390504384,5.813006611694256,62.86432676344796
21.987580588421384,85.43600154594432,77.62561329001925,20.38280379139129,7.961987189071841,61.55298692491502
91.74529657022325,72.1510168691776,78.03818595604876,24.26387080697651,7.8458028725629285,62.54064628245265
21.738649141378477,79.78632705651565,64.86104047707462,31.86229394352131,5.9298084371056685,55.073375756297814
15.005866561374628,93.92465300064329,67.82081109252398,18.83368638246012,7.870746644588404,47.71209979673135
15.467702405880065,85.01094169939846,63.48985916380493,31.427813311083117,5.91387370081859,59.331788427360884
32.7329371820758,60.062643574285445,60.48824309948441,35.10928134914482,7.209534230262794,58.28666774333805
18.645342197080787,74.26299996061421,77.77376937958192,26.29470910331681,5.576317363116077,54.15731237157118
24.881057816003832,85.57810306351863,79.97743089091394,21.881924054513185,7.3834350314036445,65.30811954238658
12.812732644466909,86.73181351269959,79.72002270919275,20.626765221459507,7.662051834758473,57.37166469629745
14.151909978636072,55.005942851264265,63.88542043062968,25.147972894274083,7.012828643543685,48.770681708349244
21.19435817344082,127.4520569533207,81.79373282956503,39.36158967357283,6.401562419418953,64.61273600825848
26.703774989528767,93.74438093170818,92.47363197915558,25.108918020890975,5.6107012697890095,74.59864956593984
25.138392765940836,66.65974505081796,79.62172666081943,35.698577276641295,7.263550811954785,62.626350384313064
20.902362718857248,82.99292580406492,67.41504665299931,25.488420095534053,6.595638007309978,24.090471964447353
18.144967259188164,64.1586405699451,57.23753666533548,34.10891571384877,5.404106031425886,53.386044100508435
27.666060931391055,100.0,65.82497178985736,23.343509561201145,4.501938982507061,70.63291684174625
28.879664833340154,100.0,68.10272225935826,28.292345765196494,6.042431044984788,74.67741104095828
16.958340947773223,91.90646274786342,69.7396515733242,39.8400045817532,8.025109152581773,63.15690558151628
30.874691347981575,85.51485376040468,73.03533416571902,25.576633301061584,7.7967019270707425,59.153296939403624
23.282584287020228,90.85895565831578,80.3450564848055,44.08950499893899,6.8030781920031105,67.80152723913247
16.718846352557648,78.81931473008922,66.04930157723395,24.17538321715743,6.716781961054767,51.214018932207225
10.696019413603203,83.21357215450273,79.38475738809727,29.28612676622841,6.756938801119134,60.53336913731286
16.73945137319741,73.92178012905568,65.51651995775799,32.499025683732576,6.528684278848882,49.27087887641723
15.210216532769277,77.85078969711265,79.58386703551484,31.262091514350157,8.360115900180313,61.47741653014457
18.59247719974912,83.46488475897992,83.17889658025028,34.638858282361056,7.072278965384289,65.23964165726217
28.70686164677025,66.28098857068643,76.60018225852788,41.6074203862337,5.907878799651433,59.51282773764963
21.972506657958107,82.38789159026514,73.52219681182528,39.751766318349304,7.079801484058733,68.39759624732663
16.678104167916906,110.4970237517573,79.99685110302934,30.150552397924788,5.448487750941071,58.79554392479167
19.926519362918512,95.30750832343698,72.06033052335818,37.31017297108468,7.6813623265753055,65.30750715104458
18.108384532157928,77.05050321707972,70.29957852240499,35.88497597796597,7.045491476330752,62.31946444232945
23.68500020026055,96.69904504351406,67.36713895821418,26.70541304829074,7.850079332417553,67.72999263536653
14.543675271231567,91.8703030556038,82.84604287898024,25.102664662761434,6.862689034211121,60.183503836489535
34.67451187770096,78.19520086409375,80.9879438956191,35.54284604654249,7.055863939844497,68.62924491010878
28.793892613529323,85.228354880355,75.59932630266329,39.602093997910636,9.0,71.17640748139246
16.863661876885764,83.50630099273559,78.86808520689203,38.52137572571509,6.007133998914455,63.68984735188773
29.228219398795815,84.77040827223121,87.36130721806218,43.620117265036846,6.295271564389116,72.65281732463052
31.31711540726318,86.12773905062569,65.99379265352131,19.654867649930818,6.705757494363542,58.795115617799894
28.64763973439669,90.9131012059427,78.47676483538336,28.27465889961894,6.867863411098453,75.66322469210488
21.217538125107797,78.65691258529452,69.68785705392402,26.38440502470498,6.524204555995099,65.5378670202719
20.44456868251865,82.825799504883,71.30473071166641,37.11229697823914,7.695863839093786,61.24767499172269
17.943712900839383,100.0,66.30336918725305,43.19584715459137,8.35107289241314,70.60844659303369
