study_hours_per_week,attendance_pct,assignment_score,internal_marks,sleep_hours
37.483570765056164,89.30867849414408,93.23844269050346,52.61514928204013,6.882923312638332
33.8293152152541,97.89606407753696,93.83717364576455,42.65262807032524,7.2712800217929825
32.68291153593769,87.67135123214871,91.20981135783018,35.43359877671101,6.137541083743484
32.188562353795135,84.93584439832789,91.57123666297637,40.45987962239394,6.293848149332354
42.32824384460777,88.87111849756732,90.33764102343962,37.87625906893272,6.727808637737409
35.554612948549334,84.24503211288848,91.87849009172837,41.99680655040598,6.854153125103362
31.991466938853016,99.26139092254469,89.93251387631032,39.7114453552205,7.411272456051594
28.895781750144888,91.04431797502377,80.20164938060113,38.359069755507846,7.098430617934562
38.69233289997705,90.85684140594985,89.4217585880588,43.494481522053555,6.260739004816286
31.400778958026457,87.69680614520107,95.28561113109458,46.718091447842305,6.118479922318633
36.620419846973974,88.07458859791842,86.6153899984702,48.058381444204336,7.515499761247975
39.65640059558099,85.80391238388681,88.45393812074393,46.65631715701782,7.48777256356118
32.60412881077355,89.07170511668092,84.46832512996986,39.01896687959665,7.406262911197099
41.78120014285412,89.63994939209833,95.01766448946012,46.808180125238174,6.677440122697438
36.80697802754207,97.69018283232984,89.82086980445024,52.82321827907003,5.690127447955128
39.10951252187612,90.43523534119086,88.50496324767066,45.458803882677515,6.006215542699554
33.90164056081244,91.78556285755873,97.38947022370758,42.40864890863176,6.595753198553406
32.491214782077314,94.57701058851038,91.64375554829843,42.351198981164806,7.256633716556678
35.4853877467402,94.84322495266444,86.48973453061323,43.36168926701116,6.803945923433921
27.682425259339407,91.48060138532288,91.30527636089944,45.025567283212304,6.882706433312427
27.92314628974793,87.89677338617321,88.28642741736616,40.9886136538919,6.919357144166995
37.02025428407269,99.43092950605265,90.8728890641592,46.28775195361382,6.962777042116916
25.406143923504793,89.86743062275391,90.30115104970513,57.316210562426434,6.903819517609438
36.50773671166806,89.82644115147379,84.15660981190234,50.7141140725751,7.375966516343387
38.95515973521523,85.4530627260263,97.0139715546805,37.990744686038596,7.293428546900135
45.952278129049894,85.04731837434656,87.16851135198614,45.498256825438204,6.7482621729419
27.246682844669337,90.34281487403014,84.68848143136948,47.36796215317591,6.540287882883098
42.7496720250877,86.08373353831881,88.38969241897162,49.06758608684835,6.3845678417830225
36.13729967302065,96.53571377141213,81.96258382719387,45.92316929266152,7.129941397124211
38.909114358886555,83.81524644560959,83.39771693457863,47.60970782808449,7.148492336616593
36.252464251729386,91.73224104748488,86.59987639210755,46.16126848580502,7.14653623664934
31.42824290986816,99.32887255572378,92.36916460455893,39.04348251398676,7.328276804316915
30.126591648863393,93.93542301871226,95.79297789503703,40.89658840824145,7.481688064622161
37.063904634682494,94.11030079997245,99.48396491326974,43.77305941998565,6.623131917821255
30.552427851872384,85.92094857517282,89.61449145292949,46.70575987408322,7.13834539966501
39.13591624518012,90.06500945938953,97.26767038578659,43.67671583381022,8.36008458329481
38.128336738825034,85.71421221791859,84.64553750969444,47.41236207621593,6.888268607337075
38.57000247046046,92.36618812286773,89.63585543671563,40.76603140965798,6.242576387657068
32.767425239664895,94.28199397161737,91.07046872065102,38.77130610644006,7.086590462925591
36.92658689864418,85.58071281899433,90.76862552972764,45.29104359223,6.428514851084689
36.788936801741414,92.80392263184117,95.41525621587638,50.26901026017451,6.311165316021454
30.310874800424386,92.5751763360433,92.56892975456104,47.57523843153024,8.926365745327361
37.85445255346583,95.677828200903,94.770008817466,48.25695625652899,6.842365377679827
38.79484610246634,86.13587392731215,88.81590696629996,42.57318226085448,7.040937069693161
46.573292833367546,80.66367403704126,93.43130095187257,36.93642064405174,6.764034067105284
40.44475298483683,90.32140009547732,84.61127611035347,41.42348145370016,7.339798874467338
31.34816684141432,91.08229294790988,90.22785919951907,41.74199826197091,8.071972044662663
38.169595111590056,79.87428706671196,90.93227157384713,41.69106767615806,7.426216667398112
31.037396307836495,89.4263177926655,92.52493639490228,49.32877597085061,6.399851796472112
33.327493820795254,87.62527344419522,86.73335383713145,53.82727120140548,7.202490855480478
28.695580228324772,94.58930973527389,100.61078098506317,50.16232630275574,6.2403150170229935
32.57882963566874,96.33455574593312,86.4616526719061,47.219097140731144,7.387317026714668
30.365347642109583,89.702373219691,73.79366329965464,39.87806179332855,6.87371592430342
28.761084090175753,98.16205651965818,82.84929311019684,42.79977756651508,7.065370288643046
42.20636644533058,82.82068924410281,95.8158187607748,45.05116530509793,6.509245674476024
37.31051737131635,90.99529847786735,86.99891561420603,45.349010424950094,6.80734320156912
35.56758672625624,93.31065337260523,97.93008408072676,38.810922505865754,8.066516687328134
25.23956100238749,89.24107452482208,92.94158603242288,46.40495933867516,6.688650240089703
33.95938874821363,87.53499532670584,87.05317621527894,49.24801048510513,7.178507742982523
31.535452023696728,94.49799937716625,91.53649760438304,49.0643105941948,7.314814420961806
30.855024945389637,87.19909479901516,93.7364680256163,48.05185132716733,6.989549203017926
35.58663691654391,96.38832447894212,87.04214305582084,47.73548690585019,6.898903673783053
33.911593983863895,95.49388425993595,94.12708174494014,49.06754818000319,7.652739403577165
35.105019208163796,93.40976485647482,88.44866621703272,46.62083176244221,6.934928472816158
35.48497982496359,92.97578512718457,85.90889658383264,55.4619363784273,6.496991309250149
28.92905693606134,95.79055436750033,93.95831346981468,48.12059908526078,7.31417275463214
34.93876613576543,85.51372814257084,90.37902279096863,41.61419144243944,7.487559866708875
34.26471309248931,85.87251401603744,88.39307079173503,47.064657271378124,6.718137723598012
30.888898022167844,91.21843605745956,91.22483285554361,42.46528412314435,6.764480847190838
36.160249686788184,82.75957829251338,82.96268112811723,41.40777889373782,6.8932764241440765
36.554537827990025,97.37678108474776,94.2882981160101,44.20030735018287,6.990491896048655
29.987353176810956,89.90743432003805,88.5567068053993,46.613592801690444,6.586384528223839
37.59673257120586,97.66369456501289,89.45619925771571,47.00855861049471,7.345071995855556
32.99389764057082,91.12046240905208,90.06296200390898,45.488380492744156,6.613495108072267
35.12255087129471,92.48999145622724,97.2557180389752,49.79635413042603,8.076591228755778
31.163262185559752,94.36160318360339,90.91671002869175,55.94901466608836,6.595850857322424
30.801390789096118,87.0030367727799,79.38052137845096,42.37122489159619,6.620433669223151
35.75196893238104,91.70877987888579,99.38085419607943,49.75211919093025,6.711548172168799
30.50792664325821,92.45959585753253,83.3988339648968,54.157293829271765,7.589720060360643
32.65412173947647,81.43432735454562,96.76936187082707,44.42730077373691,7.61890815598673
27.027861706028165,87.00312488523113,90.02621849859092,45.23490296882371,6.774967264260378
38.114249661737496,84.66189785308703,89.28810257489353,45.601478158559495,7.257219417029375
38.558074390444446,84.37678954081065,82.32942914632189,51.38838410949255,7.166157005989795
31.25756731721723,97.75575987761262,90.57837317146429,50.89648592031913,7.033759240705055
45.303739624409936,98.77670421221602,88.75517925760464,49.85785475477178,7.322687974792574
41.843157787661745,85.17538269709948,93.43025729999219,50.292122434247936,6.120630256788443
29.083707436671126,79.8038391111995,88.65296582777721,48.58771127897981,7.751178526048014
35.37047390209887,98.14307772785646,83.09949270892554,36.48308780322422,6.97222615055169
36.92032724469654,89.83652625952953,79.66278949980062,44.55439980243606,6.347765249747574
38.348362744150194,91.83299123048424,85.30060106836322,42.43066541331653,6.470393239055524
34.686604513634144,94.77571160250619,85.07136976832228,47.52023257758922,6.73487119081378
31.03563583868828,89.46484820022721,84.82378838790314,42.23175347326409,6.401061053705575
44.82362566458195,90.17631775985865,86.50137246003708,46.06989955367111,6.9438359751545855
33.89515200233389,93.07083350021712,93.78753855023652,42.34749426194736,6.71209087967766
33.62474151424178,78.49039417632207,82.42404468900725,51.83437133722262,7.822483856750642
33.75481980221811,92.88278481527882,91.55625077271768,60.39440404227619,7.559787455717288
34.36041204259617,85.22229779699788,81.96776839871214,46.017318179336115,6.6218246273578485
27.88873145201163,86.76713557878736,84.59225998192802,53.43570817536282,7.440819878474725
34.960136793416915,97.39972069445012,90.38684153823809,40.693578993358685,7.761562038634828
37.694550218423295,84.81376922836772,89.04830660958196,40.62190873307621,6.308600134517832
39.630887737658206,99.54708320235065,83.00716213090429,47.81484618345286,6.674678715439087
32.56437308117652,87.03803037880566,85.68004615160092,45.24260813972413,6.584524941794481
36.35228412889919,89.74880945275432,88.80525976566796,40.46218168979201,6.711614334715834
38.77695612912878,92.5045859381219,85.11222377600724,45.49666152714613,7.375693561685894
26.652973594393142,92.71680096189968,86.68688120527077,47.852993342965796,6.618370421728741
25.975589496677404,81.86228781058419,90.24042473330691,46.29861250860741,6.547841687447796
38.19296229388687,81.6923996886552,89.66960100676341,38.94491900118771,6.67408194609892
35.23699335658207,85.69793317358024,88.07722227885087,50.0314640460722,6.711554065238426
39.17846056032571,84.35146572671191,92.64902088957642,52.207843103289505,5.764177749936355
31.015523722647615,92.8853606359027,88.98477306978504,46.85572936685654,6.698007406642089
35.4329489373645,89.2216138230396,95.83891030829903,46.272104216506065,7.168801331037601
32.94061516938766,87.56196887963753,87.8372090609019,46.97226071189149,6.789507759589869
36.448874284482066,100.37700399322719,94.35562351715846,43.369882339160796,7.600606961081972
32.95962313489224,79.80937732411073,84.95956844541298,35.646040394870724,6.8242432579793455
35.09209189594776,98.38218656137641,91.63463686882082,43.90449735595568,7.414702790591744
23.944323454960575,91.17807279054283,93.85432596943484,37.60706877110079,7.5718770216034645
36.69248203747207,87.923560430496,93.16390933053142,56.35346428902198,7.090933127529247
36.24110293150168,87.70319550229878,85.75077815267605,49.15167908272123,6.571958087045567
35.35783118609696,87.61171276617442,92.39489912873196,46.668310526434745,7.51876997212895
32.44991800572627,88.65062532353315,85.10618142108846,42.778533699619445,7.1886502465224265
38.78494308322676,85.38917337911187,94.3480296005283,51.778189294024756,7.20671745161185
44.38397906279033,86.13105400448214,83.77672648344291,36.10639875547861,7.748022155744591
38.27182828177029,89.72207664544773,91.3998431315991,39.37255476350812,8.222875989808413
35.64610590987614,90.54697397302446,93.62883311949346,47.40504615868357,7.111942012139566
31.04762772277344,92.35734178567998,99.41012248237517,51.72710023077489,7.796593313319699
32.443921617844076,85.0519758987071,89.37106539950176,45.27862456144347,7.547095759235474
26.537676851425903,97.64775159730307,89.20996050710505,42.8655946502629,6.493947812369917
26.725716640671152,94.11585291980957,90.36658983594202,38.55019550129473,6.352460613968192
33.32107650354936,98.34510762644696,88.70204324318198,37.48428523440947,6.877128467957028
33.63638215126165,76.51556678529214,89.72852566741093,43.84532734895661,7.348103182406709
44.244780474726724,95.63282514773879,88.65555654722584,39.46737045629165,8.28667990162493
35.29609217007244,90.06964645956474,89.87937456444999,45.99042380383928,6.927819794038029
32.13168996559882,87.26570529379804,89.83623364892001,42.282876144331176,6.643577108661418
35.53215113845948,88.72511391289572,97.51996494291345,31.74515095803494,7.545753425961231
41.23042596248815,79.63304883795925,88.28656202959826,43.142795670021044,6.29624415264109
31.110916562045624,84.44712077267086,98.76135221711812,49.678391965737305,7.63577754749708
38.60836032021618,84.35474114391386,87.37739866860113,47.44687280613959,6.388936095554027
38.56499215086194,88.79837300920933,88.12589596225202,48.554799841017456,7.22213165574302
33.1951691709046,95.79664901682123,84.59468336200051,48.07967803472132,7.296550628984192
33.45226780343005,91.63066511121059,83.74443211807349,49.6201350960345,6.907548931778505
32.3863848974048,95.24504612918444,86.4782815472862,37.957693518182204,6.221685413238048
38.0300497567282,83.59785323751859,98.77397090992183,34.59035296058139,7.848228184145019
36.055087336013095,89.51643444064804,87.27540456595526,46.99568057176035,6.981182648787576
40.516509410082605,90.5711382433102,90.75150880730939,43.18193893893072,6.971527188139467
36.5390088444603,81.44915803671687,83.25907288947144,48.71632047011357,7.085432719063971
34.0800833182366,90.09216966532696,91.73790852680835,42.30120159845319,6.610847637298844
35.97922627548841,85.10813611192484,92.04126377857236,36.4870819788108,7.514577818662822
37.362987412065216,91.28014867156938,94.91345491972757,53.32737222231288,7.507185032509065
25.795628843341774,83.6021151663215,86.8759071115216,45.130455251054165,7.258829510234562
31.371280934232672,90.9338338223854,86.22308533823339,41.94241098504026,6.296669451575889
30.38383376944548,83.24157697191833,85.12063373511333,50.2682089830392,6.525300555584028
48.161910324186955,92.46658950440445,90.92418061847437,40.70821109909393,7.350154939704495
32.12181086881113,90.6100490732268,102.80042269134397,44.519700501376754,7.574636663142838
31.48411787437056,89.82505754751519,98.85400317817755,41.86516471106116,7.906224278998464
38.538759677277376,87.18766612052866,93.1620386952776,49.86277224813365,7.310904981108598
27.148876400547717,86.36431412087566,88.76240682224248,44.62783285449977,7.310336048775339
35.88850500466627,83.32327820644949,91.90098925502981,48.05292872641912,7.27989522396552
40.40390362777311,94.16961077274452,92.29590039614219,44.649171442706766,6.1695195332420045
37.14809109566293,91.03843843581555,91.35789418597686,38.61625712089845,6.459471729795869
40.26576426666452,89.80222423071673,93.40750348686312,45.14159188065231,7.014878069747873
39.69141902987999,87.41977635891313,90.48060388470492,42.68862355647479,6.782751886283842
33.454139382656805,91.11066885816857,87.60625689168262,51.278780627867604,6.552696348890248
34.06564177919321,87.80134470862913,97.23488942176867,45.98277388255787,7.515922269734317
27.57219813481514,91.33525132934629,94.44815397811719,45.41141994637712,7.532740187532676
32.41355774949814,97.0467372009279,101.49449061809625,43.18580719780171,6.777248739299614
42.2669223855885,97.89786072865357,87.38569986423366,42.89906591452071,6.8591076955697465
28.277747444828613,85.40674026757901,84.97929616623966,41.16101217447936,6.982657556306609
36.1710736626826,97.75250246407039,85.00822979630604,49.92161199238292,6.893005577887245
34.752681451737836,93.37409746083301,84.3863898921885,46.912048730920255,7.083226104106528
37.462256320040744,91.44584321953909,102.27650069955448,41.81130007874342,6.734501522499091
31.88429736787618,87.22261440419872,86.81306436346742,50.94508265553776,7.710252123994928
32.146268531252616,85.83822213447885,92.35707778193202,42.23888477859514,7.316465908877755
36.0146151042565,82.42127942501384,97.73752600665031,53.97938836547761,6.693605654757807
33.06149220032008,91.42932695362452,91.67228394993512,48.29272136336415,8.005102269383174
34.11526386252975,86.00851377730773,83.10340385992737,41.34534980029041,6.983436513563102
43.97278931758894,87.41194350481915,91.11893975819449,44.917885519636236,7.594196636724042
47.63466212936811,87.3456561353984,87.5528027874089,50.22080438534536,7.340945744813156
44.23353662868017,92.91964092662982,88.2035395460647,47.95327415346155,7.554351790291454
39.10241090598682,92.53637015553649,95.33337344794577,50.84647795222836,7.691079495518764
38.24354943794821,89.16440959841573,90.73356843216662,51.03254483254179,6.591532164506382
36.84336654436451,88.0333059383632,90.14372411467409,51.39225931303649,7.095549534009952
35.23218274078074,83.2007192951004,93.7312678301361,48.22742090570538,8.08162736165273
33.461108825234994,91.0957516383197,91.24691841855378,52.887266398817374,6.952352233806524
36.3951076288517,93.0394825485827,90.9330456157818,42.76783192724736,7.097044996449154
40.36815874929886,84.8674235029447,90.66484837073438,41.499395925304135,7.597523314462421
27.384065476081126,87.20539076364206,91.8860593753226,52.827620146171704,6.967124869463506
32.22400236653401,99.40578534720295,82.75993049791877,34.00597021689959,7.2200072250266665
32.489728878236946,84.89383591434644,93.54178223649677,46.219003568855996,6.7179606846316355
28.59847800664553,94.36228664140073,93.2510058897933,44.50412068110309,7.923318498023833
29.649576168369236,82.37237414537631,86.54045965059377,44.77206991822251,7.121669724661346
33.79381971071835,91.76027698257148,83.74230287904778,52.2188230203663,6.958924410803716
40.58647915794064,91.71362673188852,92.28376609576893,47.84883640116102,7.223854280008657
38.21361379933772,96.64576265066216,90.98260584850735,48.54501878794256,6.955132152856387
42.200586077247365,86.61803848970365,99.00470216455408,44.79921024677828,6.284612448940976
35.64052207455395,86.59474171262559,94.20321774494361,41.73688010348805,6.77690828339261
25.552296345272346,87.73846840375461,77.88060336685521,37.08048588257138,7.3802073280721485
38.92900079325416,92.12728780892482,85.16511928435393,44.7614432192901,6.998198730454716
29.208176554037287,97.51699150883576,94.38681145287836,43.89517913085168,7.013442919497265
36.04191403973776,79.79132565787855,88.76411308739702,41.59007876001101,6.499189995052542
33.594498535570224,98.98843263424762,93.20421430633505,42.144105051086015,7.2862913906780795
26.99677718293001,79.62316841456385,70.29815184960087,26.76531611147213,7.349111656806795
21.967426927108747,79.47596610013866,73.17585900840984,35.247763576596675,6.732382394219716
26.586970328171628,75.987998023462,80.37630436312632,26.55406090955216,7.867981901582625
20.989553917313238,71.74290998192775,67.58057082972839,28.3982634590284,7.212082973200959
22.6141774401775,72.13149998030711,69.87822703869509,40.71135179305932,7.863771585050356
22.18161834837016,75.190017390841,70.60015663359131,33.06758986365208,6.488603717400797
18.713117312883274,66.65707963061206,71.99611561302639,33.2359796985137,6.758406768850313
27.869933816450164,68.8711716849883,62.6781255989509,31.12225909279986,7.523549151306077
28.419638457289345,72.7055786856553,75.39340416715648,29.807457652496463,6.91368635002959
24.41829968743336,78.2616143920671,62.11803921507875,37.38270174862948,7.6900456770737255
16.872186492452354,76.97901766718705,72.4701509314137,31.303368829119535,6.72484742307729
16.641883160309742,74.87222964504278,75.86364509629682,32.71800077297216,6.814692833956947
23.858493553241722,60.75728689684962,75.74382850186052,21.301431106109504,6.818779529298434
14.40165052686928,68.52659262139547,75.8041339368926,27.661493993440544,7.173251940865358
19.76539710560408,77.3852041361156,70.38410945530127,23.58503887905715,7.49813340972357
17.531217084193436,67.21709050670124,67.85942419517043,37.503798953171554,7.425110871056747
18.256739327960705,73.25371147840785,68.39182474391309,40.383739917804206,7.190967726115777
22.150208235955347,80.15141727015921,71.19394579513256,28.704789270896484,6.901825075457511
19.641993702929682,74.81388881745079,73.6381477181849,30.259729429036497,7.36632003860779
19.59641709945709,75.39317595158045,60.00899657733946,34.581638373512405,7.173244237948996
24.99005054929826,60.518723109031555,80.44187352390364,29.302051859224132,7.554091408368758
14.800470364372345,78.06386952531285,64.73292218413172,26.881155196520975,7.957015676933393
19.046587996183266,76.08716436589862,74.35033865344377,32.47840943986302,7.075209452571788
21.824805012331126,87.01707792619138,69.71190601483207,31.005495233574837,7.525327198003806
25.52762966478992,80.9351515278019,73.19365111014592,24.284975436347583,7.816715766150548
14.26827303490656,76.51317732619516,66.22862074990321,29.679308267035037,7.164381205151741
21.606786077251364,77.10960377117642,78.06855634529323,32.2676715075699,6.877921682354676
24.820435841441785,80.9473524446232,63.861960924315035,32.98700034924929,7.350586371155449
18.51218248320004,81.8785340665581,69.24972206483737,30.627882267357712,6.913464087858065
20.077895237907338,69.518624565524,62.799745587028525,37.97252531612486,6.576519325840836
15.043038252718464,64.23304943198143,66.8051912615525,23.38455103296251,7.821007580068184
25.04908544671317,71.55924827411138,81.26217902672154,34.90882743495797,6.837584308245689
7.5029714256321345,86.45471286295371,63.05213766618202,21.773006265215542,7.51128521600482
32.19876203169636,81.9213640925526,72.8195456002618,32.97377170832643,7.426707779390154
23.794642948933827,76.40595711984687,70.52100551975938,29.687034360502388,6.623017705566662
18.59662461566613,66.53521592902307,69.50830186602624,25.057044464245415,6.448205341392114
20.899470755767393,81.96001143172299,74.59158303001156,22.147496981884114,6.5051859317148315
24.70385593994108,70.08756303230845,68.87683425001488,32.75026049512276,6.515827772568183
20.5268775307298,68.32987252540897,66.99316178024394,31.598909670712686,6.2035031332341655
22.202373689801995,74.9018110053666,72.76244977208574,31.119570670323306,7.682070214986922
20.626122513239537,72.85297229437373,70.61148751516141,32.716490145181936,7.024430035162852
20.202958456019413,71.49004156096622,66.68549541224526,22.986973641001534,7.8747883715934694
13.780683823043574,71.53547401102047,66.40796367215401,34.474621884722204,6.852525160853986
26.238710363368668,71.63254687878066,71.39497081111901,25.823264733701215,8.072574563886693
14.062007904852436,76.54910355113513,73.16888440466049,32.06899548725749,6.907356170561146
19.35089650133287,75.21905735989554,69.26498999185756,34.81939558397455,8.105261500795676
17.212541074960832,68.15098510210461,69.55858975824373,42.898546688271594,6.598162716015135
28.195584027220338,83.3885040703822,67.23205879146003,32.84491539592638,7.814198311564269
18.104361295062564,73.98209819948819,67.09159543025677,24.926216346535668,6.675361227466997
13.880298666188718,75.17041734129613,66.15013384470679,31.16892955895374,6.2220521768981865
21.654401161072286,79.16764480804463,60.03132178714272,31.87028284923786,7.613834496236646
13.951794906543974,83.36286193418852,72.09509504683022,26.474940721207957,6.972115461171147
22.79163456260861,75.38002695706206,72.69377996223184,25.39663203460317,7.084680412018039
12.9314275154751,74.4438696932565,65.48046179267605,26.322350287051165,7.618046587605218
25.456550602971344,78.04569060453588,64.5384361766371,28.41795775152599,7.606548849989592
20.708584568199523,86.59664769990847,71.96658919697185,30.960245582450156,6.845441767898749
20.66770452391141,74.23765081809728,73.54054338344295,34.783511583972924,6.6070052697460255
13.34383523221111,65.81897313448351,72.53995663456271,24.483166969130632,5.923554703523759
21.942893022654822,87.46499758716395,69.96964544230053,34.19245387225821,7.040914679273783
19.505551734044285,79.59538241493884,68.54862727905675,31.336961570359513,7.160848903098007
16.659547731784755,79.96021174768262,69.12520121652295,26.221274202535778,7.268254921785202
15.507660091044814,75.14090578684564,69.95440501677898,35.42947782915789,7.237349116439977
19.87486520627428,79.08883149600143,76.95103774508657,32.78905153175931,7.005176309921691
13.440818838249202,69.67443168462313,68.47387647822666,26.952438989203586,6.906514348507277
20.283249624485535,77.64846377178365,69.64750610970454,32.43250821913101,7.0322372074050605
10.122667168230643,70.30332303090623,69.27956222139193,23.95152628579446,7.299964364998102
27.65375416171849,81.09380925848659,68.93278564534896,37.45363068424976,7.074333728601056
18.314570144409803,71.93298668229531,68.48765156755935,28.059115907293858,7.085208111187744
20.802869905249324,75.01523010076707,72.18469084873175,35.95323137393171,7.4747770677206615
12.575510157750482,62.230394325490224,74.67159955619637,23.165606507922895,6.887617299053658
14.149434869703203,65.9900978120999,72.70731364102394,33.79577580151324,6.71174479963664
7.0447885392754515,72.26877775873758,71.95902002701273,22.605442156129357,7.091679959889578
19.923450754135022,77.89645749800545,70.59790184207077,25.13465529559222,7.598285750832246
19.20735213486515,74.86347730245033,65.33366020463401,27.783588744042447,6.55759864298655
19.135269700382885,83.55854240071172,63.140494285343216,21.932193010616295,7.735585163746804
18.95338161424067,71.65463630670041,75.19952343698039,26.97192230131568,7.913004856773468
23.389629356696346,72.56044295927148,80.78654106632752,26.97142538498331,7.371047686004654
21.49646290203246,81.50870644699398,77.80755598363426,30.160020745328833,6.623291064826908
22.299860714695583,71.61142315123946,80.06693623763312,30.682676655413687,6.817339224343946
20.923401529324543,68.26436855235151,65.14192980744674,36.00206953972213,6.671552860514302
14.7654450865903,77.68326376263643,75.92852077331499,33.594766553325336,7.498023842902908
16.216024557152696,67.89094666629079,77.50666825977743,28.38660080578932,6.874583491772476
26.640970709245288,77.7811500470033,72.27943886040804,40.825011724505416,6.678240884809928
24.639200640406187,75.28506562448543,71.34296139431629,37.64234213206266,7.2539178781448115
22.691480395248163,80.362536686549,68.17523635228558,25.803951663304968,6.4775954029894836
10.16821705311999,85.28103564970161,64.48395817139158,28.89373188207114,6.861593350055539
21.537033489045506,79.07868606269648,74.30236744179872,27.08461280715531,6.916439143106794
21.412899752441497,73.75654436908226,78.03672788009996,32.45487475819126,7.367438893024909
23.314406343337062,80.86736928742663,70.90510779351854,23.515840260220767,7.199843975876321
16.743215531040853,72.35691659125122,72.93182009377547,36.19141535716818,7.010635788368031
21.544165062994818,83.5110747231762,71.20376589744284,43.008415570901974,7.282754822815772
11.196186204220911,78.76670810552267,71.90579192441389,36.44876377041373,7.336590675634979
19.307720080081133,68.87850881855317,68.95488371356987,25.7473977289535,6.709738275097639
22.94289202210305,83.34952252175702,71.9733576491149,24.020584689824076,7.22230133411007
25.983157433228257,71.95108547840309,69.3299141666354,30.073440973645987,6.60755084345888
23.241402169219295,74.3952592569611,72.09766221953514,25.562539110989498,6.781270849838295
23.611906789138857,73.13583423954117,78.63481925616702,28.001819071926988,7.112342362875943
24.662954159365448,67.90817133533484,61.19595594009612,22.371718427149524,7.631292051713591
17.240709270537767,87.79099642834126,67.17876200671306,30.922756515985185,7.771054976283938
30.030464440795615,85.30751788318199,76.04183115296571,35.12031262905731,7.296263474600591
23.89180538083319,72.24407141835734,65.90900558288847,29.98312771294524,6.914907688737536
17.733859753363625,78.48193723728357,74.77652604285255,30.442034431459238,7.738765040527631
14.291554429332475,74.03170270360141,66.41588839698598,20.6673169146347,6.95865965707865
19.39126245808358,82.56724871621066,73.15405842277389,24.879065878353977,7.927046283167094
26.105168477626766,77.91048851734308,68.86757950575084,25.202803816382602,6.8138966119644735
25.44374309852093,84.42293152967305,77.71621764136094,27.55575289106863,6.440191283355494
20.70443123455602,66.15780317218574,71.61583857092391,29.261987068506656,6.766981749065879
12.026484663666022,77.56800053284859,67.33649580169045,24.15041582144856,5.563868893359175
19.862425474746818,83.86125798334872,78.30629607273934,27.714518717068643,6.6988939698191095
22.34387128037512,70.00807280405854,71.50895949909733,33.83040139192345,7.613466611942154
19.499229617600236,73.98163124911517,65.61008706621719,25.8655982298007,6.8867605540492365
21.83682753408089,79.56792313116625,65.98410524659828,37.46344284479761,6.864438199478716
19.89316352825782,71.26394160426088,57.87879869863529,34.42022698180525,7.368421948546216
18.593362214408934,75.33495358612436,72.57969608852049,22.187270715567287,6.735473661326853
23.971323398109135,68.72855288415376,71.46778966083315,23.217090976882975,7.233214991216763
19.821792588512583,66.92434092047245,75.82369677228586,26.327042116009753,6.59487378149281
21.002845986154714,80.74318674714358,64.92089090510801,30.30839924923986,7.214408250165286
23.46552803631572,75.88220777638612,68.16486080458338,25.862048896756402,7.043071941523188
14.639304940071966,60.39324758252697,72.18279902078834,34.519674205430974,5.818533782229081
14.951346476450311,78.09577130502599,80.2874773485585,30.10396853837704,6.635998529385433
19.0855177944758,81.87438209574093,66.77017910437732,26.00403996674873,6.758628238908984
15.233356958706437,75.61335157997398,78.1233922923478,31.615396365580146,6.873823248936856
18.54094365542228,67.18404595651671,74.4155488857358,29.61081401493599,6.909760043204687
35.965537839224304,76.49376454182843,66.24104474952408,27.868212018972283,7.574222854598378
20.56635205268882,67.80861010841316,74.59614467287602,26.65927957230503,7.936648888108773
25.400240328573243,72.76339052170624,76.40508180867556,30.339277552637018,7.426386837561109
22.423664086472375,70.76821672504563,66.7822508384127,35.14980408790581,6.83261233394673
17.981757683790015,70.22438710325324,72.11799532796731,40.31262459621573,6.466233542872864
20.12109728336379,82.06110277707714,69.60179304377142,32.26185898124867,6.46880323592656
22.141535486038244,74.06427867497726,74.92864997839932,35.936930257823754,8.294781821009307
22.898165866067878,76.62898158291084,70.97192150788668,28.23416853594656,7.169241921730846
18.522992949304854,75.84230488134807,76.5879876780398,24.967287173601793,7.5699392805645225
26.58557533669933,74.40965736504461,59.390725504957025,26.960890064527838,7.6484972732805545
19.88565968850559,70.00348883852544,67.47612539385891,34.20310013252276,7.2733667841006895
18.80533950415153,73.16587794092656,68.0412092547809,25.387949077507486,7.807687844734721
18.3883976539433,81.08579260412748,77.60658025961226,34.9915544907398,6.784189843640976
22.018650451683047,74.87902196804542,65.48149069634935,31.621796408608017,6.410480104420099
25.93839694230782,72.67691351350804,71.0057982793642,31.41643935773071,6.870547513147962
22.933469007376374,72.62548171688738,74.35648648728622,23.270101598766257,7.063189789773206
29.694644995291423,69.99834337697213,66.61127514737575,32.569539248294575,7.089790890969799
21.753150496367795,77.44593565073832,73.17360734280885,35.54849920978111,7.2049093284642565
18.793711726907286,78.36286850601365,79.49940967447608,29.33683126808713,6.512735347664679
25.53540334643486,74.39809418023201,59.13665226992982,34.23710838575211,6.732335907023039
19.547333588479198,76.65990165284508,70.95249839889533,33.547259085695195,6.782256814715078
22.565528990880413,73.70226661208041,73.69405240443751,33.07683742006527,6.532280648977702
25.42991058087516,72.32018277442975,74.04028899140573,31.836436567006704,7.919091838397561
18.88267008814074,73.25341601940902,69.90290197056133,28.484101085828623,7.399970950971025
11.91844695781706,69.73158790426822,64.66098539210404,34.751537959867875,7.855306686290962
19.477753907312643,74.15589138404995,70.3502608155659,35.80939151304095,6.536323432904713
21.191844913673926,79.87598814891214,72.50547084969922,30.947908082993717,7.50052304628357
6.483838535003814,78.38937659765453,66.72962158436287,20.846835515717714,7.255601299762491
26.86829272581479,74.31275742686154,74.76437273601469,38.06139128994323,7.657457226792023
28.199822646856965,78.71063745535946,70.37716819450796,21.990170940514158,6.876968755935025
15.783767023419042,85.85471358748907,69.12057093783832,30.61602403392243,7.275742688020234
20.218012231862268,83.47525520215376,66.88675319132774,30.973037276186215,6.628764707150976
13.399887443896471,71.94115454547358,69.81481601475794,27.8534888774137,6.653789510063072
12.968412681640832,74.58447213685653,62.47639812984499,33.80027981844801,7.041219876467252
12.712242502675348,73.45395461475069,66.23921797204709,31.5958725520959,7.670225223011572
10.624137651771278,75.57513039573709,69.1993360221668,33.35670038225233,7.106598314118845
16.240153341305906,73.4047303216669,66.01987071598255,35.38003569299299,7.010655824335971
29.50595342876504,74.6966959309269,66.45796616544769,22.431428036935863,6.098430161872027
12.079320284972551,76.33563325505742,72.54362511614967,22.094046489839332,7.447519157038058
17.5846947415828,75.73396505992774,78.06110314127713,34.48419657932766,6.865734676047084
15.544038872923563,64.24092299335348,66.4042334037879,28.944348805861527,6.506410236424408
19.343715164538477,75.38425941479385,68.8757200909596,26.7499870958827,7.084327335983364
22.209703247847045,69.54800461278577,77.05466189873135,29.507059338578692,7.009424811472424
23.541072116282784,76.1660806563175,74.76568316956623,31.43562082600912,6.693781312679781
21.80751762603051,69.28136896339669,70.54279852888261,29.833850046777695,6.89594157136373
19.357312442805345,65.5907547725118,67.25637546129519,30.464224505705573,7.079928195998701
14.86162429537021,81.3285392043235,65.66912575892749,34.84728600263368,7.213597180935842
16.768863450780984,83.87655446304755,64.0318158412176,34.59577086805001,7.500291159021489
16.646898954616777,81.96232650032164,68.74976742700524,31.443468146399287,7.13016091938561
19.32845629264726,79.05404136579891,73.96744360276107,21.257340133809095,7.6521701214390765
11.687540059821629,80.16273102170828,75.63352568413792,24.54516784892401,6.794592856022708
14.47147665757032,73.92539484855632,68.4598285790713,33.8983026613467,7.655154373059804
26.97841905394978,72.18915986710849,68.95389063127736,21.58280903889525,6.597064966751906
24.824258165487286,83.07791411774116,63.82825564060039,27.037678704235528,6.986797121520537
21.400805794098034,70.95198240039177,72.12030522232045,27.63080326464542,6.992773864560861
22.7314212400185,75.03211134905469,67.81807054736716,29.451950980370846,6.955818520397332
18.14994485058936,73.70601968666449,77.99323585252358,32.8045972397062,6.85225984098542
23.484772022553678,73.33090255121995,75.86562318793321,31.84821096099047,6.946348927997885
22.238584629051388,67.1456192396575,64.36616265545098,24.030374968004722,7.0714715473818535
28.66257499742546,86.15650073096316,73.19025550720379,32.50422237472228,6.099471132923631
17.28663100132989,71.0610812404588,66.89576200874441,29.159280907076052,6.763954711151436
10.103500948121061,78.73955128058768,64.63628487130097,31.196234320555746,8.037041334874987
15.403077042067883,62.348562386268355,68.56997889059944,35.50479817499286,7.979173727110297
13.852252027737915,77.48349611618261,67.67344771609973,29.47025822847932,8.322171673508517
12.485148358024233,76.26869830747287,72.33846585882716,35.42893162469674,7.048991576735448
21.54025269752051,73.04175716289105,71.34563470622554,28.28403862251295,7.310785944928026
18.15194831978183,76.88550196951093,69.85368593157511,35.63025125386084,6.974303138205757
11.134837658965592,81.30960750356996,65.47133849568691,26.7311683067559,6.702169352978254
26.872190465854086,64.32162893010653,85.68874266829997,35.28028404533026,7.11161945706458
19.725529996918567,76.42777037428829,72.60561214189669,33.22607792975028,7.277802233001724
20.447903406276243,74.01330789846337,69.24363358173244,29.025458598236597,7.566885048433532
22.967783611404307,60.2980568266786,73.27950388264881,30.973680973593876,6.990645621777051
18.05740773455557,80.62056359993007,74.73763231061429,26.135611660881956,7.203526143562268
15.141716327293569,68.10190917605534,66.86641387705018,34.311967361913794,7.476562522688043
22.565427100486467,78.62547893423998,72.5808914355748,26.792592023885238,7.21596127233697
24.002047626138413,78.77145664906787,75.94456685737322,33.54151923600532,7.175724103770792
25.350751191582138,74.8673937037547,65.5906267438614,29.18466518028118,6.627548677596775
1.624108625128092,59.27740664642241,46.03790039500019,13.460192351804798,5.053192666523107
6.066468536864693,60.00602737681112,45.914556844659046,18.296228342162024,6.468785068813279
-3.0377993218448704,56.186376107168925,46.154288251063505,10.300484494455677,6.414737420965874
4.030869306135982,58.67742579344694,39.98068817796623,18.17709015104613,5.380370802573264
5.299663151331641,61.38688468979096,56.80329297919326,8.455898004404439,4.490243922089587
5.919247723768474,69.00255590755427,56.19473176469719,16.048297076373128,5.754181907183976
9.035612983186551,55.13226900147766,52.3817888467811,17.527350795833133,6.53010495374944
18.798300194555388,61.96207983589383,47.45518187146251,14.872128439040027,5.115462047555441
1.5264343445547093,57.95358780943448,47.37955801032704,15.76177436016861,5.5887900338089
10.605153336622358,60.00103532459099,49.953498394306926,13.36052641743541,6.07759534192949
9.125491323338174,55.664348921445495,46.70941755462372,13.481369856116677,5.327064538263393
0.9037107013925114,57.618895632276704,54.371945903563635,16.312806645009626,6.096794955683772
9.25448981083986,59.31314105800302,51.95232424964445,14.483891235337518,6.132681174699814
2.0862067119420895,47.80591420861786,49.32860418906848,22.113740680499703,6.463107701120796
9.826987422955852,66.18065360903108,50.44328795480719,15.986578537027977,5.691174052282825
3.4196357198647513,63.07885574885571,56.01942218584408,14.302768621595002,5.774905367574294
5.002639794282986,63.00603374464558,42.78072591933229,3.5190952343138093,5.724731575254208
-1.1035621295707934,57.45929901176345,49.26109840591264,12.733757954884933,6.726233767235373
6.6337238230116,61.50237179805414,53.11103572021701,9.305834411096154,6.519555893710134
4.6211785673227,63.35240308620606,44.64071383479922,7.231206169919679,6.408944829012515
6.882047630487583,55.48974222821245,45.65168459362653,20.627173922073847,5.405294053566336
13.213364766279817,55.496896326760655,53.191959628041914,13.356907621255077,6.301593715541172
2.279429989429037,59.186035469638526,50.20459587697861,9.989062721092637,6.370412172710063
2.433932167642074,58.85700042329991,45.02825312695744,2.1883317060234475,5.904486118699915
17.06307710806458,63.92302143949012,49.903698101328025,13.685545853958661,6.0112329464060235
7.73559557587605,54.09593592345578,55.57160847334436,18.57690657720622,6.359092862853967
7.192378694048637,60.09808328846995,53.3643061798341,17.95907066870689,5.822979644529488
2.131991135515495,60.50928147630994,57.74510075747594,8.804464621730496,5.26623736712378
5.823804206182584,60.25443850928009,50.866708321852045,16.219765989542502,5.888398872682598
12.449317193010412,51.995480107617425,45.85751487609877,14.483726199254763,5.178405594422916
4.120727977839644,68.3073508286401,50.10443244147981,16.153504528593416,5.3699176174137095
1.9181929598026128,58.12401809838032,48.41142451621883,21.408218975018844,6.278845530362562
-0.5572897846851603,61.232523892160025,52.491108742483924,20.700745192606334,6.790270343284186
-0.07547095913934321,55.94571244394831,43.712110705426916,13.829900704465093,6.233179187223167
9.936672582945508,59.620244881787386,48.40076238372578,15.758789961243702,5.582428549184988
15.447693608473866,51.96169486440971,50.92370289447862,25.118031096148197,6.003399922279999
4.049804824992528,58.212772885947864,49.09804159118796,21.864242373382652,4.894069044335247
12.667168506481627,52.88021423774927,48.666738353827924,12.85377789850669,6.29427663488536
-2.9906217594187376,62.31086333040972,60.12154811643426,8.184129977035948,6.094853083805198
1.6900891110169547,62.12943603096518,50.09573888707876,11.792565454778451,6.243936142435537
14.021740548933716,59.04548104136351,53.59878971074091,8.533635210644182,5.521781811590996
7.362031389401887,67.42058014267982,51.7780667439283,13.434709847384228,5.999645702711677
-1.252038669848588,63.022576631776836,54.41166531161704,12.739548335834598,5.764978926120249
6.3293911482602425,57.81640131979702,49.66933692687089,25.49860894583258,5.8764871496270015
3.208299239893889,56.76229097182421,53.720959857499686,14.093879133909486,5.675313480839287
11.606520161365061,67.09801502256819,46.99788217130647,5.6673002431969195,6.5037568449184615
1.57685087119998,63.953127995813844,40.14948091144082,19.462986691496546,5.39441403535961
8.653820595332622,60.07136533918217,45.23030290301678,12.964818435366098,6.34315922847835
5.529472265576171,62.92206490236242,59.88220292257743,7.178791941444743,6.808606287484312
5.521779687616065,55.50607975838436,43.34843187130505,14.054398046114832,6.460825055962229
4.362254398112329,67.55577465123673,42.744121549742204,14.939555260769728,5.37380327779344
6.818159413124839,64.4344369504865,47.89619103159473,1.9789307168643298,6.099474073398247
7.183692758667547,62.02147377480849,56.17891095911077,9.644731601754756,6.340108052725225
10.962537562389874,51.10706207996742,51.59825912959489,12.479100844961643,5.959238663449177
6.738382417691682,57.56385717943224,46.62145960419194,15.170762087440123,5.456377030568599
-0.4291256444259268,63.396866414782515,44.25602982420672,18.33156250454606,6.231295646426975
-3.629033643952983,56.61217673832172,55.97054701523686,10.094172344301592,5.767797868845306
7.310304466259483,63.91695254641298,48.74230556977752,12.012449026541791,6.711184930849254
13.694498318987895,64.89429025390898,50.42659071282512,10.958671391795368,5.584777796721717
7.6125705263287875,62.091991104443416,57.007992964732146,18.252250462680696,5.248459849120091
10.259738088614593,55.00969686342793,48.08014364023824,16.251001031258472,6.997833744891982
20.549592780026806,63.03361529568092,49.08401690639806,17.672528242402752,6.443827712936918
3.3966618722140414,68.97605677956162,51.15035379595701,17.48871544545697,6.332962126027231
7.107933053072278,64.19470250234806,46.91373406726538,12.208491230269846,5.449922883514152
7.197506153101132,63.89468251756057,52.28886433075943,23.372462166737687,5.997201990585476
8.343708277962563,54.541495619303426,48.06450148762799,18.47768878782889,6.424551055371572
3.530165261679089,59.64200374070967,42.410631266595956,13.214853995966953,6.445191581759893
7.876025080532831,62.503328606906045,50.248868435904804,15.035315793140882,5.669839430263276
8.494142101012674,62.104864721946946,52.46009423996399,12.369825786662098,4.923328540064378
10.485763558768479,57.60581271995798,45.686121179784394,18.467394559569968,5.803993680040435
10.299681920233109,63.08502974788349,53.417846616002386,8.170221443997328,6.6059719926932
6.30625265616928,58.15361430376898,50.716942336711256,6.118823835508401,6.204326405740336
-0.14685754091035808,53.23664857078233,42.38820406891055,20.563441874949625,5.685368303153606
12.668638549582496,57.32099268473851,41.463210212035264,9.417377800256705,6.617905810003469
4.220509110316662,57.258563517546996,50.80009112926394,17.508913680837725,6.558699407951231
12.242496149464632,58.20115677105457,43.36976156958981,12.932674194383619,6.130140253291443
0.18120536894694528,55.21424542552479,51.718939407749424,14.756738242147744,6.016398497705794
1.2075233264996528,58.847996428971165,45.37883427865848,19.450992055623935,6.5176246673618765
-4.230939311190468,55.35244569903795,42.51735372454961,11.74988032796551,5.95828101510482
-2.2482260984926503,55.390700934373434,44.98021313959251,16.03633664699472,6.034672168518125
1.3913122333137333,60.88410436069699,47.26659957706367,13.641724448369734,6.836726045149269
11.70230525895174,53.50209381536201,54.14866208939587,19.05698277245796,5.425868355623691
9.093888218774303,67.68965959206277,44.38727596877793,10.412485894928682,6.5088307334217514
6.35747655412824,62.757381376197614,51.702946082002484,16.95347960464072,5.336763935844458
10.236588533107241,65.84794996213887,48.853046279659864,14.782615250930688,5.234446248722139
7.571273780089174,62.86028720857072,49.68904491500344,20.621766799352514,5.83296138451003
7.823029629468001,54.901678306539424,49.88223924562881,14.128228710485821,6.112653961020471
3.152365355833207,59.342637021641664,54.13023585720753,12.816178813808913,5.19671144963066
13.747919521027104,66.90727039345244,43.538686524471906,18.448539026225973,5.748512614724328
6.317436076655298,61.471120645067465,48.82796099841839,11.081171672068017,5.65472947384187
0.4190404225937874,55.84088895884778,49.66410854975322,11.421200054446242,6.34102603285631
12.436230776679636,57.09973379314979,51.19702250267689,17.498425551514668,6.236001135459637
5.379776339580437,63.71341209179861,52.41124476340329,8.811687888363512,6.434578032194636
9.43645418633371,56.18356947910709,50.18968917723801,18.416644964055347,5.89534309021032
10.364890238830059,71.8193624730968,46.07006983682509,8.094776984231125,6.151909297802438
8.607812525630717,58.845668130776154,57.266303316605175,8.306971001383756,6.3464593115158054
1.970695896205533,68.59688953103648,59.962576765840595,11.166717061083261,5.72522143204571
9.29793943489901,58.064346751052426,49.77294391033881,15.12694210271205,5.0401634219011715
4.930811269528814,56.55136112967913,47.53438588800114,22.21816001734407,5.371746552860372
9.066025933739887,58.60518534834096,48.60119915752083,18.951859480258555,6.1700256472844455
7.853064986097655,64.84092330266431,48.34345808408339,11.938816327461248,5.457424736721101
0.8729473501052247,74.74547212654363,56.22339790368393,8.244628168959894,5.338771021628215
7.409330308592457,62.736323986889836,52.744419176586824,13.725221032231511,5.93727286999855
6.639397620796787,60.429465031466655,38.90349813626233,13.851001847124031,5.574296782869843
5.87605709454256,74.92629501301705,51.83740832737152,13.43235156913801,6.4609007509886265
7.413439436046064,62.100472452259204,53.034252966078355,25.282717824147706,5.434555782337042
7.368160384057273,55.368094350092306,52.77756323171124,10.406567442569528,5.7913165931974575
3.5245504288104685,64.87908359672355,54.59227221971207,8.771413117768077,6.027467055499924
1.452100726254137,53.70747544662333,48.91491474787815,13.457586057720901,7.213358243172761
7.164799126803481,53.11191249622881,47.17612997914529,20.106916477146992,7.0442213864349625
-2.929916561189792,50.60037807430477,59.35482587685891,16.94807088685452,5.565853634061817
7.673145430612177,46.82126130491561,50.0168775329858,16.639105864215427,6.462135069768915
-0.06947976146268875,60.4284358070168,45.37287686970206,16.276918778371584,5.552326838818488
2.959495804198897,55.020923026048855,53.255681209118286,19.29225558328333,5.882689715021293
5.1911899748001415,52.75704292683228,48.50161675996606,14.748976914791276,7.310396545514988
-0.5598351288708177,67.32088619376219,54.98429386732904,16.403182022450682,6.879310242097567
6.860527363034315,61.945795978339646,49.73439673491227,21.117844412093138,6.548234616905442
1.871613562518938,53.40376402700616,48.98509681302171,10.999807178011768,5.968237712692322
11.187190673420696,57.71349172456605,49.78588309344212,15.290113674041976,6.424215441102643
-6.234446669923026,56.96649852617352,51.056418461397364,21.000394782134308,5.754048776246897
-4.38276353020937,63.09855722983068,46.82318805587185,9.051666704548193,5.687827305143388
4.077373211720753,56.97627667730894,38.97216971450465,19.485330984435663,6.637437520639361
8.257609956697529,54.311571647875915,48.99254233026241,14.967393423852709,6.299397194780955
8.341702443590403,56.329131006107524,50.4099777820678,17.286402023076207,6.727911161073383
8.522532699123616,63.945283436877595,50.4191331396468,22.05229572601752,6.204881397979749
0.6945604491321475,67.01684985062596,53.48951636269514,12.784779894357587,5.760253516300378
6.482877725703808,62.31592397633792,50.98646132815603,16.556543367214424,6.84997868728819
10.357715761174429,60.95317795632512,54.70655290383742,9.837380482362303,6.198963524973404
14.04653174866555,58.909770523038134,45.761830356904575,11.739555557034697,5.455183481328806
1.076190459361483,58.14745950704985,42.97216490410679,15.078091669748016,6.4511385868933235
0.4612190992653984,67.59641961820884,52.55396044263797,20.152902928120287,5.671082723073932
9.272626135333079,54.54033049802344,54.451237504182544,15.859196698967656,6.276625609992392
-0.8779730281242584,55.524650788616974,52.98614109126692,10.258259978878996,6.231603146049562
-1.8356890323012287,64.24087106333334,43.83738342615746,17.761499688397617,6.312815466823
1.5161409078521255,62.91013283542363,51.30221131666778,12.30579071903631,5.495722657961896
-4.813128458362895,61.74825023649847,42.175986143189725,15.476720997206542,5.868275891958875
8.395713877190978,58.48977250255068,48.35276106826454,18.659353521441478,6.167529014542059
6.580779785913892,62.346337949042635,42.32213938396447,18.78394339993491,6.3062343970068016
-0.08341564288248637,58.779597631628995,49.80346356186185,14.327516077991337,6.166929983284267
12.156833909155917,65.40883363836414,43.43890403284297,18.110349951530242,6.6644666597677045
6.934042603446013,65.45490212592983,60.06135222850382,20.118547730534907,6.1246542978208645
10.225442370423767,60.724439165484455,50.11951521642478,13.242928821431338,6.781706679416054
0.9078566702899931,67.66183862339058,52.49932061870186,8.003469125990293,6.183824646495711
-5.50013253825812,63.12754008415518,54.42615741494495,12.038220221739731,6.061773847977791
14.770787168751431,57.47126647869032,44.705462064717,22.408317012312992,6.981293595265397
5.018478359239237,65.05731517704179,56.70737957765441,11.287578837308079,5.757347082316066
11.154372565773674,68.42507139354255,52.81440430087177,10.600928232489728,6.993530555849721
2.3451455109401778,58.32431109414274,51.71168917244811,22.77080210357387,6.426987988276112
7.074327501809552,62.31644265059053,50.21757334321733,17.79069757259253,4.735219961152849
3.516962704651008,61.2066096745839,44.24492958190247,16.9316165890578,5.897764389506939
13.77737849157745,67.86509862607429,47.670972154409185,14.245811442166524,5.963026217195804
2.7417026192018863,60.97512492014064,46.20858965556205,9.346923325312368,6.311355611950134
8.147647921109055,55.97842120170004,54.476777153812996,11.842111354173344,6.126582619018991
9.101720063062281,59.83193717648143,52.273704560705674,12.417851780562142,5.901766708285951
3.9707028455982982,56.26710826729881,49.11612918442109,7.256908505681267,5.754423126428947
3.5756225331516456,58.7191012375231,48.792512770646105,14.691179000699355,6.239720759043032
9.372585370662613,56.751173865758666,43.98399572305428,9.789777938784486,5.756398539402537
3.240393410917455,56.150019669012714,43.51941667875053,12.719395862629058,6.0907133100569855
7.975147329177823,57.21288473445839,47.93501088928283,10.366508455763446,5.984280414812612
0.7578568290459273,62.865639066206,41.070667540329445,13.201851637737688,6.150553669595871
5.919172581612521,73.46516831990249,51.74900012283954,9.979727015789948,5.952267876455464
-3.8812316673322584,59.5970012535162,45.834719714996204,19.57695137780081,5.725229862702233
4.416170421023767,56.822210792977984,58.69425675926666,13.393786169410442,6.916278521739601
9.070758810591332,62.41033363667693,51.843665736587596,16.968986491081257,5.036163710327195
3.605583029246217,64.2257898559216,49.755514082629475,7.974050765982125,5.973797774711265
13.520527581277456,66.23445857767359,49.68997995316984,19.757246385290433,5.816746489815974
-3.5193579341335948,55.377670059352226,57.81444384254099,13.630034590853478,5.878308010312491
3.5008090186255973,69.52068294786504,58.12979457681031,26.09390116724067,5.920477394799974
6.478122443735476,52.41678725289604,57.38467213059137,9.161102243660325,6.108387781881315
-0.4865126381642204,57.05566586630652,45.8136878447515,11.96062369662091,5.730438648425511
2.2586560253746146,64.16666955890153,44.4756860346874,16.102707135069334,6.608979576152779
2.43401817743302,56.41040554626199,48.84737687409874,20.898626041803553,6.097053815476679
2.3439285269620074,62.4193832559402,44.48853925081788,18.40679755221474,6.204303653850884
3.4609576443055796,55.807071007763845,45.56659538858271,17.674086681729552,6.614490251244531
1.8134612648560262,62.29193351775742,39.564864906989655,12.076911346714002,5.984470533564549
0.4515829150908317,55.31746812605202,46.66110221765557,16.460963641631867,5.906335490796812
-6.191156166624861,49.39649923682467,46.965674110714126,17.28843293026776,4.626247578637383
2.501349119241847,57.3687607174129,56.94168889104224,13.074890941435681,6.191494492370464
5.706285700437316,49.347167600964,53.841036083158684,16.07698252728144,6.254134319837295
24.631188532181632,49.57943530250706,58.62348324880554,13.562762402998223,6.143664452201505
4.772438773493789,57.87881833300978,47.150835358806205,16.647543677865045,5.24141315166416
8.752895837608827,57.91902797557373,44.34965330479821,12.749935710020932,6.628574608431286
2.3233245649188845,61.7922680910481,46.34521862142263,18.7896092496181,6.342753869395102
14.243044166482058,59.122180272503925,53.34327402378953,15.490337697694724,6.647935890931507
1.4058380619563482,63.725026564386404,49.02651351941659,14.67905911445751,6.045876242224186
6.261201982133387,59.418854784390206,51.07356591585263,22.890590287810923,6.492724842807609
9.345772962484482,57.722302369880644,45.55379585885838,19.776502791188765,6.438023396264897
12.36335337875491,56.98009687015385,48.852256723198266,6.80257918737283,5.803764446969564
9.982852552897235,57.66752310385901,53.20239897600412,14.047484470010943,6.16202851411078
-0.738456949078337,60.4260472481695,35.044320145496386,14.065519209190075,5.18476337814243
11.02997258273408,63.88703676382256,52.333354909830405,22.6050311357969,5.525541739587581
13.73681598957779,64.66095782130192,48.81722356390527,20.67810073591472,5.446853243794183
0.8774291923616326,56.9570513838015,47.355111459679925,9.717211786198735,6.611541533547663
3.7057279981508415,61.7625248417844,47.1482431679316,5.896983497257414,6.135028679195711
-4.561274877098885,59.65682976957266,43.15842480583595,24.936379996154038,6.455681361087361
5.528768956357402,66.31853338827334,45.76842011267132,17.717396893350465,6.099905216859357
6.32010040666835,66.36176750053384,53.66246051389901,16.443618314125118,5.172556281885852
0.19976852360268182,59.38645533202138,50.46686187138326,9.34898137663038,7.205838337789211
12.581970276267864,63.01059160196242,50.360184306418724,13.938955150494241,5.524040769988882
5.387402592594313,61.288762700713754,43.79119712259188,16.670882086224488,5.922370475587625
40.93701147420254,62.40747670796232,78.32979829560477,11.215927942676313,7.209130912363893
49.17836032568315,55.32018242579465,26.59284506321188,11.303953550528135,8.574509724298517
12.983541947520699,46.35245909278776,99.03323037936484,40.86526561066184,6.70071428282542
48.48618163989885,61.29386100919324,2.5769598764351143,46.51992100846628,6.847378086812412
21.561693489577895,64.79035103246318,60.3528806501121,4.768046063650178,5.97256200751876
17.375939765687733,80.54937550624442,65.95059816513272,22.502931971311263,8.078086350160824
2.517476348467662,79.48958945785441,68.80455570741289,16.872713948211448,10.655170752136044
2.638262892980131,44.20648837847541,12.038757878908902,43.53442277287197,4.813755402056816
34.600562797332735,63.715558925869466,93.85297834731304,4.176245734000938,11.409897348780973
22.896449721701394,50.90673203304171,18.11832790500828,10.556297127901871,9.201788883734068
11.326081301805285,49.40876231900834,62.27534032398411,37.623416879324715,10.409458914120272
30.69851531626163,89.63812898423475,22.267607912308495,2.564692449060779,8.005716233670105
12.642905912505558,42.514913002975455,30.72164170212709,24.626769035714464,10.015650312816572
28.88158771722113,65.15097255412728,54.645854172812435,22.105351733986,3.1458035760552048
17.960437349134516,50.09221934599109,41.719341856457646,16.720058949437433,10.365423823015817
41.17761133059095,92.75981294070844,16.02256009765063,19.728615765946188,3.3612497317682988
41.034808038338966,73.42243079650211,17.093640242084827,26.497029346511646,11.009220387265762
23.867519906120066,53.88283818261088,41.814478816279966,8.068367919419156,11.927664725147789
17.54095546675078,70.14563722998258,75.72829782755008,28.59979391417964,5.646607159591
18.12798982795473,83.88918158218695,89.79646468477885,40.27161646499932,4.892867006572143
40.285726283410895,97.48708053516603,8.412766225938284,38.008046489507954,9.888270274722366
16.4089741398806,53.226760254725136,39.310390755940105,7.694995234688684,5.277237068282279
10.4529686853423,93.1709063277607,10.024556372287662,7.462473487073695,10.790061448549832
4.234417093765341,96.05824685004941,1.6592480632597884,13.408718387245667,3.9255833294172904
23.33465604422042,94.98523267192397,66.17186826439566,18.05373631705186,4.133596767414224
24.106604945992093,78.12486141171459,60.24494419665878,20.42277907042413,11.81236399590554
42.04543552014536,77.78923926608246,16.301911381488623,33.98486084166726,9.064550084430042
11.061934822303199,64.19263799102936,23.38128330930641,2.83402160829177,10.621985019860574
19.049563683419997,85.14387293822728,2.370775364451838,1.7336352113033193,5.918964396163663
40.42028694468455,71.87764110105591,83.49472056944037,19.595528147195452,9.08835374568544
41.181180537448675,80.64628427369766,97.46905960485515,34.85818460689902,8.348176445777375
19.23055379893841,65.70747423092773,13.545953679469081,9.671767147824129,8.428351081106523
22.956201164334043,83.88978784258833,23.147521376529813,32.07522406281259,9.142792135839494
15.164294542464146,89.46829105627295,86.8409523946934,12.991406897014974,8.178232558161888
46.6277439209656,48.78617539616897,92.64637979561849,44.30430544067582,6.861561323723993
5.932188287079016,89.97578293445369,41.96273828068103,44.78449721333082,5.483304249424922
46.6874711500735,72.41779190741843,5.062247226907413,14.864360214066325,9.917231978218819
34.19332259176716,90.67995454541347,3.93918336928194,11.499687698162026,5.036451870028676
26.57860763433656,65.87810238046087,57.39498660690104,20.565198603311565,9.231188755389727
1.6329530392247937,62.7424291229821,39.2895108893179,12.026579259007436,5.0999954038439395
23.779809591100413,94.90364395103335,2.8652427577654516,33.61919216458518,8.627971529590084
20.387405250136613,55.07015605290408,58.32523923125568,41.30323422741428,9.72370440416126
8.060940598756128,90.65273951716858,1.1302536589022472,33.65460654556085,4.968425000158852
32.82048017503285,69.04123435056425,78.73719581492729,41.21752236246748,3.5394897077517746
48.55754536841429,70.84572655307558,30.643282270337156,19.84960811037371,4.178763686947567
28.109440553226257,58.50809688936904,4.02580030092321,7.815848535443043,8.453972705439229
35.73766382219729,74.38253203714095,58.835222098315334,36.89754736987961,10.64501765603162
3.422522628300839,59.512671776572674,39.76844144330547,18.023725257077693,3.4049713911188193
20.883349790849735,42.35616485449914,97.38004133571495,33.56354126145663,9.607361331374817
5.817924258224794,56.31991632066136,54.41986625037022,13.532197099088282,6.071867813550469
30.63979177682552,40.38274260439544,27.52391810370083,4.061481740333633,7.306755329275703
46.92410791070773,98.7012872234114,70.94388646339748,49.62908977438817,11.35973594861009
33.08888662358193,97.94483258918484,27.149200254271133,7.810075396529964,5.987743542622609
3.8401524157210765,63.7093178483383,90.42432914075651,49.42104969817405,7.188032405455375
17.733310249254142,83.70225126037876,37.47219705073764,48.86399662832236,3.12314173284613
27.533168972042578,60.7483659046255,54.98685627762052,39.69090519540198,3.7343884800435454
20.160387806662612,80.26558942515857,5.0573103824228856,32.97114810409988,5.327324320213056
41.68220052375862,88.32580258275874,42.61212379522308,28.890352512554234,3.2506701673896696
40.73355023549946,96.80537468153445,83.2363539660995,43.305077268891736,8.682377934434259
30.591551005161072,64.01273655098032,80.56488053633419,14.471976080974397,6.837585211214603
