attendance_pct,study_hours_per_week,internal_marks,assignment_score,sleep_hours,pass_fail
88.77362290575671,23.09706972268975,30.746978994213208,69.51799701833227,7.06936980265807,1
72.43649254715697,21.348108354511314,25.60354291273136,64.89401780071087,6.966074774072091,0
67.99703592944223,16.104334729603956,42.93770059974899,73.27198262603535,7.025210867540082,1
80.48084946661382,29.259461169633134,34.85480474572537,95.67906338163553,7.763860351633422,1
83.32314011979592,16.13889061771914,38.14129173474802,69.4988471706346,7.200459631413729,1
97.97686526849523,19.84087244450564,32.06202032114201,54.22188180143803,7.711410579465495,1
88.9959987543325,25.514458897926612,33.34718576710947,91.76393027208204,5.944910631823305,1
89.71570950954356,91.30459354745487,29.6521844014891,79.18205755887972,7.945869643684146,1
79.04704467613048,9.193653595083566,35.484061910321635,60.00984039541599,5.728080998887277,0
83.26133022242118,13.998012052366551,38.65413382138263,69.28253958043939,7.5101574689151835,1
77.45022782579144,14.004186606230535,36.78539370133335,82.31380252574992,6.358333179869618,1
85.69767280232205,26.336340854396312,39.084961177463555,86.16833775529955,6.948477071475354,1
80.26091050210833,26.971269815649144,34.46511611614805,76.6805980596682,7.414772890788791,1
75.28068134210567,18.88827404673375,24.805015693428594,77.83751023661502,5.626597111030251,0
100.0,15.284063236952303,26.2847659015249,59.385067775581405,6.220907260623299,0
70.81348053515802,21.399296787581008,22.604272094963566,69.71702953337021,5.813663572890146,0
65.36485051867882,19.515700519348506,29.393885707716322,87.7946493165775,5.968044757905565,0
81.13517345251248,20.801245428693694,16.193546169675226,66.38296929743741,9.0,0
85.38910043684659,32.036557328954736,36.505641493983816,94.35154040060229,8.677377087805489,1
133.42709851523915,12.742153887852767,32.90905506099974,76.48089419798276,8.035443416416944,0
94.75356216949552,9.188117374519882,73.76802581418714,71.59092122653921,7.047493468251643,1
98.82024496475034,25.51537360745122,30.67061302343489,55.2177475062519,6.112670541144229,1
77.51035851520926,17.810283622742688,28.16487404745578,79.25843658629829,8.255403609459897,0
79.5228864385802,25.174360834296554,32.30978930260019,63.76505966760402,6.852794721314403,1
74.55617275474818,30.36525902060427,5.843902753433397,56.3025830030458,6.321356938705897,0
80.48521627944827,20.530441317751084,19.19140507033583,80.0024046943657,7.6577631761503735,0
88.2206015999449,28.30563691106311,23.513139910317292,71.10076293440555,6.702623920756894,1
147.98313839718284,26.282589815672928,15.847392760887054,72.93388720303953,6.311114457424594,0
83.24083969394795,16.246623790942824,36.60078611734108,61.28326302769534,6.261942916338608,1
87.60414656144297,22.442313722747212,31.59848346974971,64.50344501090059,4.779578991064874,1
90.375399442579,5.822405386748969,36.787447057642275,87.59233239786799,6.99188679838825,1
84.29618219132585,8.748965182125533,34.76023572668452,80.86165800392783,6.734395439713895,1
86.11676288840867,21.564042594943444,27.570191769786682,67.16246478875571,7.194842340270138,0
84.91919171506505,15.933707781487364,22.563913118460718,66.97175556049157,7.819925252635234,0
93.53872374165412,14.17031576893609,21.96834102334801,89.8911310832829,6.035799928576755,0
100.0,18.917120518456247,34.790355116495284,81.92855755817811,7.055863939844497,1
65.75251813786544,32.85362215167118,19.529436807047105,86.53900734255747,7.7835896647986065,0
86.86260190374513,23.802661285592592,35.9535357719995,88.70536143996713,6.99443970635193,1
78.52942618497862,17.977484173291764,34.60164012885253,61.57872251514885,6.354427927964605,0
73.07090404739346,19.406662080853145,34.18011284212606,64.24687606950762,5.472832143410352,0
75.25054688839043,20.204500809555356,22.809727613414974,79.41307151699246,7.164294765370569,0
65.92536225623445,25.60591946743564,23.097793887655037,90.9058207261785,5.417823236653873,0
87.09003757588512,23.87129351570034,21.547538857917978,82.68839675968897,7.309047443032654,0
89.63376129244321,26.135422592057843,42.64432549254699,63.456373317670156,6.567226116411612,1
90.65480375065351,14.076922837092896,14.57861936523512,63.1596944177744,6.720492536703467,0
92.4608519249763,18.566407404981835,24.4258254525634,85.29457481598357,7.65230615161023,1
89.17861947054776,25.001173769653548,42.089239441978776,77.98158465990525,7.210668465203111,1
95.51151975522524,20.34207874938251,34.41181020191618,83.4073448212955,7.2620668090867255,1
68.70948228782771,19.854826361654503,27.583636004081086,71.06470144030271,6.423580423665156,0
83.82409746184051,20.55706940684669,20.657763589856522,61.282568707364945,6.858351413989873,0
70.0164595926121,20.65135823465914,43.007671322896506,78.79767636040896,6.241234742064625,1
71.77779604433569,20.96344388629919,35.59062736162028,82.06078913815132,7.94118186641997,1
79.44452301103381,24.409266716298905,17.147383194090565,77.92715482141854,7.500143033113884,0
82.13979910734221,14.896877274744199,20.098700621381617,85.23530644185345,8.162838577534986,0
76.90787624148786,27.03637411555619,36.99511344570182,77.04389031602977,7.448635764514528,1
73.37376241054153,18.64109540690101,32.93985332379444,65.34335196476792,7.496400117733941,0
88.1351721736967,23.584400419099147,20.087143394768795,79.73471899035229,7.8913036868697555,0
98.76795812558066,14.280028350447726,28.523797138753203,67.09100618332447,6.746323922457619,1
82.7902152577034,16.74395720159587,44.788870666371295,74.08155235665045,7.211396567470659,1
79.96397460909432,25.71875027225652,16.76090051017363,77.42882013150275,7.5648423586001226,0
59.607678222398995,24.89442327523578,21.842685290463073,88.46225756202747,4.769531980875541,0
83.7721187506452,18.283974668719335,31.71770546536421,79.62483624066854,7.238554953773739,1
68.49006422577698,94.26558974607087,44.40408945208683,76.90423889925057,6.218843621868886,1
91.59329803364248,17.150578060264852,28.047356210606388,83.39468504518405,7.2430917276606985,1
71.91506397106812,22.29161271338932,25.595705204067333,73.14154247807252,8.311167497802625,0
77.52481364448495,19.77777921770953,28.06802043303377,62.71556168734237,8.202451247983072,0
77.96954613957007,21.810751398916796,25.481807966632463,89.66540859278604,6.942609296998458,1
100.0,20.452601833409556,37.162843446100794,66.8698562773987,7.671944607814497,1
72.01702755461547,18.710473818267587,33.66709362841188,76.57761439293769,8.360115900180313,0
83.14247332595274,17.09668499567407,13.969101084745972,46.67844401889431,7.696167997159289,0
81.83342005738352,26.23942812437646,19.391618511343694,65.35462205089809,9.0,0
83.61395605508415,19.718476526724896,37.72317987672937,62.30669503453301,7.5720062783004725,1
120.53964394717163,33.02565630498688,29.731099482370297,65.2463397272175,5.816943815265611,1
87.07751935455475,20.26161467823472,28.353124552957276,85.01824853681937,7.0151829425404335,1
71.71004989077927,15.991457278141707,38.41558094178335,78.38552876285914,6.576401418271823,1
59.74857413342393,30.066204884458642,30.114184542691472,85.07443973195198,8.435087399222235,0
78.14341023336183,5.0,28.901025692804826,71.67139595617489,7.279267838216526,0
74.37712470759027,21.187464700775887,28.449390889817572,85.38378851019317,6.420875890364254,0
55.283554998727105,16.386727637829317,49.41373189076418,88.76496450019538,7.370211889941741,1
86.90143991711112,27.179429009986947,24.965892850457692,67.9097904236951,6.403370941388269,1
81.84633858532304,20.753458720829254,31.951625583268,68.97179344216039,7.311652856004779,1
83.42725346377703,7.185954716127828,37.45753251408308,74.07055793386412,6.804301468853098,1
93.55637858804951,15.204847960098478,20.48266672727711,75.00682818957483,8.311693449272662,0
67.63049289121918,13.422349478628789,17.192768172187876,67.92374105177974,7.388375729230169,0
78.8435171761176,26.472085000587775,25.80729281652326,69.13468730436064,5.3841132125895275,0
85.00917187624381,29.080698459452787,30.687144050346642,67.04442932059118,6.5825696180105675,1
76.28559134004209,14.465538893008985,25.689265150458095,83.20158186755485,5.94489232451955,0
75.30824347895295,21.108081835189452,18.40283824241176,61.14012057601002,5.642482460158065,0
75.10560557481777,12.593906768720467,25.1450785771426,56.56206416519254,6.147613233925896,0
83.68673308872901,24.18172642706441,29.635902037590064,69.43881253239219,6.608123234613133,1
80.05243699718183,27.114224927977983,25.626559323301876,76.9548173155329,6.120717217588012,1
77.3111130944517,21.166305809464017,34.086336708220756,79.44773807831595,7.045563881141899,1
83.61636025047635,17.19379279212865,73.08459955999749,77.25264117247549,5.810767534922871,1
72.27174785462428,15.959056254536788,26.506242111675235,58.43376792322226,8.856647436561955,0
79.64173960890048,20.460931346361534,30.7092607276915,77.02328796422802,5.462415203550824,1
80.96995964992718,20.339899549382643,33.516009844961815,76.96131459023907,6.980126364631689,1
78.92969640045442,24.520049726627196,25.359574069039656,85.88769654216672,5.842883381286729,1
82.49383683710755,23.828306608644542,24.152349794276212,85.09471788595968,7.827115428565768,1
86.4084286126701,14.708752092633693,20.065915396147005,71.79702195463358,9.0,0
81.94089992898307,17.167456533817237,74.47978328471383,74.40584818727505,8.292745289518207,1
70.62174960084877,87.13884210308012,33.77925022304302,68.23004861541469,6.373684723816993,0
79.73486124550783,21.304597239078337,28.697656751421647,72.16861103256232,6.222628515154094,0
90.0629280921444,12.980498985738272,20.034260988428926,74.50970659161963,6.7811337482643745,0
85.17659020469122,14.435881194856556,9.763519378445576,65.0485151814662,8.604339108308597,0
80.28318376130461,26.45604283159159,27.1229626203803,65.06641300418049,4.9496425427158,0
68.0379337591933,9.561717327331403,29.17422597654003,69.70667887551629,1.6764197224318536,0
84.89374561227918,21.94615569032962,35.85496563430637,87.29214784297051,6.300504779832357,1
89.59270826085206,10.318631612739553,34.01426188934036,93.07196643637886,7.135338347892291,1
87.85800158650832,14.170059592752285,32.11216065066936,88.62562852712452,5.802033570782738,1
91.79297184063826,29.17081055847519,73.28201342295782,62.07374652847737,6.649150569923526,1
87.70865193886966,26.98843612674303,37.97487018772647,68.61717273471506,8.820543907941815,1
83.11250154543536,22.517194663442165,41.62608530656827,53.943530581596754,7.75656467491314,1
65.91538703636441,26.65819905173734,38.18967636885585,66.6307929620372,7.577978523639557,1
63.93553679742428,30.36178310740043,45.94012282534494,71.38689438032709,6.154846041573841,1
95.93186626639397,31.239786657305274,33.27810236767598,93.97767016745976,7.356252788706083,1
87.11614878088889,27.969164851094348,36.55022115003889,68.25065981209448,6.331654805153199,1
75.12393775927507,25.4815077573995,8.914018087864978,81.40542935074774,5.994398624310534,0
71.91701714644849,30.956058281281617,32.082244052663086,67.71727797593387,6.223500859506999,1
71.16142563798867,19.882173206439912,33.40709764954428,82.12712028861331,8.09730018754371,1
74.10635243055789,19.96357453076064,30.682545140520194,87.76965386088187,5.515943335075665,1
81.15674634292859,21.611553673179543,32.72471373120398,77.07802507353314,5.050438282245633,1
72.81555778747564,11.798727809507474,35.54783129531195,81.78931290059279,6.059601083515647,0
69.87895624739832,17.991348007360756,43.59965899661104,79.21546083536562,6.320769346807045,1
69.73484700588939,24.487461536705204,35.96004250301825,77.24234744535292,7.305243126531353,1
72.26210800896428,20.736021895968772,25.1620426836943,67.2014705377836,6.654835294550203,0
92.78451862607298,22.217853153188564,32.636069884584074,65.57441994208124,6.626731754058686,1
100.0,13.378464096705375,30.054398756479983,80.15628088443957,6.657121138442436,1
74.37533224105732,30.170306242584516,24.02737322767809,70.02429161614793,6.025193424077158,0
71.74502803207488,16.319584018754362,34.00532577104968,61.34175844584561,5.338916584432828,0
81.84836123694873,25.71724728321763,23.93374344889928,95.42076040143743,8.280939576666727,1
80.60230209941027,25.220406384132524,30.32735340316577,71.99140252859173,8.558789184496893,1
94.20504247989855,26.00349390825787,39.74367321844447,71.34494063014733,8.181567716419146,1
73.4737602069761,21.16841716831265,45.89820799384646,75.86697699414397,4.914102122266662,1
80.46980593764742,24.3137198639904,27.826759117391575,74.01154798760695,7.34859511986098,1
134.03246026123992,16.509914516308136,45.81152467612388,58.31400741121804,6.4101076822443925,1
73.1894834252512,5.0,29.45092763131625,63.977302595441444,6.918954035278256,0
100.0,12.874409485822923,27.13327878383022,64.49859260397855,4.608043795686976,0
79.67246729784002,7.2688706059484325,34.77782574602708,78.73348559711398,6.43442363212601,0
79.29834288541353,21.915047062515082,26.351033380206495,76.81062742771083,0.6699046295970287,0
79.33920201352683,87.6038470048537,34.44410117073799,73.96568775709716,7.500831591004212,1
72.21695274597687,115.26976420167294,26.11755331705705,51.83856137031123,7.019344070811754,0
75.53485047932979,20.63225303687576,17.21500518493002,70.90313407370503,7.395798848709747,0
79.86502775262066,22.395338735631675,33.81086215484975,79.53508712554468,5.848846263447131,1
97.95877673095522,9.508808160570915,35.450876083543584,72.84390421431978,5.649444035657017,1
71.81779316766527,19.577007331645454,33.662182929215085,59.51039474946525,8.220282896417718,0
74.56575228866235,16.353068077433406,22.413215966206394,78.12378210466572,6.528684278848882,0
89.75545127122359,17.776314007483364,31.548719290940355,71.04319288243737,6.762988029987373,1
85.1378595091221,16.02259449469431,32.84490679028528,83.3019181186261,4.145373337095609,1
86.8605145999844,13.3807498056699,29.50247186400551,88.84532047593906,6.155675962816929,1
87.91031947043047,26.6331555977479,49.30092337290333,70.16438516153463,1.3311892450374114,1
74.60240319690638,22.203723880408045,24.060126139692926,63.003024716346914,8.592669998282885,0
75.40639100459757,21.05864933166335,19.446022443209863,68.04305122802936,8.021515392781865,0
91.17295831588127,28.246628559024906,43.97890558332446,68.88614752611372,5.6107012697890095,1
71.7931768164829,10.12760751825865,39.12119230817013,68.05399630836855,5.163640216229602,0
81.9905969557347,33.91597723989017,35.43498626365203,86.70198709196603,6.401562419418953,1
75.84712086099199,26.891824096572293,33.11327356534343,88.31339061988403,6.015465949518032,1
88.2541634898803,28.341245294103878,31.840566073531217,95.86047049537115,7.494705653775032,1
67.69135683566044,24.207036453865392,18.25979787398048,72.32358909101207,7.004229858994152,0
81.7136828118997,17.24669442278636,26.725740495095167,76.56972960968434,7.7658782794806145,0
73.49357430878173,60.804567232327386,21.318795787537617,69.98215807188468,6.785932302272139,0
87.14000494092092,25.644627127929297,42.267469610370604,88.3057490403904,7.359475797547126,1
95.47505201330061,24.760932323313277,21.18166280130861,74.92955014519445,6.312985900300503,1
73.00274492007415,18.74586045628385,33.85799162144526,76.56693728246525,7.8431053323232405,0
80.18433933065393,16.78421932931571,38.09170428326685,79.96873590507597,7.2106008392976415,1
75.47693680750923,26.74467631991608,40.10965342123735,80.06240989305925,8.378469627461504,1
87.12998430172388,27.126076330769383,32.52924765746223,66.49464721252956,7.66536893503283,1
84.73237624573545,14.105075638770142,18.60834278039884,63.03211353573688,9.0,0
82.2745993460413,18.214618979840047,31.318086729892133,83.46770775216494,7.6188862980231535,1
84.72597482413043,10.302136349380472,25.752232817504286,73.77942867878723,7.957839631108268,0
84.13434903223701,17.103538866907805,25.005236882294206,82.82130001531459,5.9078584065712665,0
100.0,13.121927641887872,34.37695292140168,82.39653151724671,5.904480611154438,1
66.17200269035663,23.555161695207097,32.72041035655112,71.43326865820129,5.80581059890771,0
66.79543386915724,11.359694704434233,23.372023801758033,67.87826135823957,6.905175768719128,0
72.69633368282864,16.655049289953,24.522961393919967,70.8209045423411,5.429118542874088,0
80.87047068238171,10.660508608041493,34.926169198169134,82.75155494034783,6.6368833388444335,1
69.64757677580626,112.4650202200007,31.915236004283017,71.23699275075003,5.666871645222193,0
74.46350694652818,27.738516524496475,33.997480882423474,75.18819049740598,5.448487750941071,1
94.41273289066116,26.547860723565613,32.78141186830669,72.84332362452368,6.867863411098453,1
82.80991867735032,13.379800362956757,25.219918442466867,68.72266093915495,8.50913101340455,0
73.53427115757474,11.489805602401809,26.902954801683883,90.30195198863352,7.420699631018479,0
75.21251378336522,23.0523501393796,23.33555154399393,55.31495786561946,7.65233033817668,0
80.71566237219392,13.567165928086359,39.899505077473115,85.68379333694017,6.386412394637206,1
85.13267433113356,18.821900905490132,41.61974027576596,76.4358793650516,6.612638035447189,1
79.83577103927247,9.899370846674298,32.33754182661099,59.672994401100695,6.3186197649304265,0
77.52822617479403,27.13348022884786,30.576294890269956,55.24512228782862,6.885197751240936,0
87.81822871777311,20.093474285488806,41.91890750881666,79.70044187368202,4.369269863170937,1
62.75082167486967,30.415782818991495,36.63579873545399,69.16400673653995,6.920932658135444,1
81.06430227691897,19.862791626206707,19.062897548318034,62.42131844091112,6.842253016768515,0
87.5138712337179,31.12455539800513,23.18874852591749,52.831811606459354,6.102169933574371,0
77.63181393259991,21.673964973342812,29.47093908299342,69.75551863737348,6.518234028906525,0
88.33922154548904,18.14474553770082,23.840031470420342,78.16358321536144,7.7309589763762165,0
86.62130674521046,19.085180981716736,24.57948278131476,75.30031479164082,1.3758898087966118,0
76.57312405919652,17.649451105737068,32.08353810666845,63.569806879262714,7.480260501405925,0
84.56753219153784,38.82649120195996,28.10755770224843,72.60498077978251,8.060089739908666,1
80.74094780419775,21.6954797029298,27.04378456933313,83.89037122279892,7.695863839093786,1
61.95117899335481,26.532491718225117,33.861503097673705,63.261200355910276,8.14429306855994,0
69.37696286273895,29.682267614351883,35.38288988773456,57.68798696555075,8.07036516022993,1
74.7727697948096,22.103780595641354,33.09446816551362,85.65171965714387,6.007133998914455,1
72.16746707663764,77.86072551374232,30.814850362095893,84.51549770574043,6.944079551477786,1
143.55020508624787,17.20813725931968,22.886073374173407,83.8750396741406,8.534482101794515,0
76.78614158347007,18.18518188107123,30.39818949744768,73.51030690232703,7.503252064749505,0
74.88784323568815,26.48028839428789,23.111296718611435,65.52107282731014,8.261519252535516,0
81.86609123156359,16.274914410493302,35.34923843806325,80.48319627554498,6.624366334234464,1
87.21672064043236,22.422380542019656,35.43314220350556,63.80453871616831,6.7686990570703,1
79.22898290585896,20.625206623711257,27.441219813961247,61.82868080053415,6.515826048751263,0
83.43618289568461,28.859242098355374,27.376842267896656,79.2548993324023,6.895657207013108,1
88.6960592010566,16.124214925252787,24.917100889394966,95.49812095785926,8.63506639452752,1
75.49934528520757,25.9762861148349,43.387616722388294,79.35975389500047,6.874825571616836,1
100.0,14.802950910712994,23.301900551602397,70.37060487974742,6.470533036492991,0
91.63163752154959,88.91917120958436,24.594335366707107,83.81407528923572,5.641425984742526,0
95.77453279763475,23.00506684966674,36.06337479938895,66.55058561406504,7.157974312251452,1
76.12298440064016,10.025048071785953,27.537532230888928,67.71538378319657,5.315332422773613,0
67.2325142417969,24.028040458702794,22.586413529221513,72.59334825469787,7.264268271645636,0
70.44459559399574,17.763001087449396,66.254822323768,48.96862912172701,7.285803286794733,0
92.66911149186623,30.03543432102622,37.0950991207784,66.18931663338708,6.163937847899975,1
67.20423033264298,18.987069660859937,33.70630824094485,80.21279905013814,7.495805021027571,0
78.13128355838641,17.101633689899362,29.065872673638026,65.06137325165147,7.756488354316098,0
79.03940100275351,10.388205128616988,24.94737816667735,83.23279915677705,7.3842020720058965,0
82.08382807947552,24.80245715136609,42.13115244202858,58.10816962032739,4.900643735580974,1
82.50492850345877,14.051645903262157,28.59316476454343,83.41983695452127,6.939596270803092,0
89.31280119116198,15.97025979237169,23.445937122228017,66.43227906173207,7.206361771325451,0
84.96714153011233,28.396132619516013,24.598573800204946,55.921924421226095,6.136506395035066,0
81.50393786476208,21.795755482438953,23.932037322399445,69.36052511941757,6.595638007309978,0
88.49602097021025,25.03094464670985,23.53387422687259,78.38023481101708,6.791531789459592,1
86.21809962217196,15.54517648581171,26.07077002286316,57.28931446911909,4.679684401769577,0
76.15444455770175,16.803794962028533,37.34763555153931,66.8759765106258,6.696649932522866,1
82.85865390724905,26.195277226049946,23.29131361242215,78.19524670782955,7.19091652414371,0
98.00940432910815,19.09236029807893,25.437189068690557,56.10350707903847,8.119244917564096,0
80.77368307647619,16.61451440805567,26.055017420801825,79.96199187363317,6.4106677685726385,0
91.89016531107552,25.514925041660007,31.764331416110934,63.92843183197549,0.6236499080284861,1
66.95530499495146,22.39812771051585,25.976201835589254,81.95402474550299,5.063247297497535,0
80.67518481410109,23.04701453773774,19.388222973511336,69.67831436872811,4.781652239948919,0
77.6586304305082,22.3609123125305,31.70634965898351,61.64518430900109,7.59256727384733,0
74.86133082663306,27.429698428601814,23.729874675308828,71.12300083591438,7.480744579767984,0
93.29152530132431,21.71332444914594,25.131282214082397,93.90440685155782,5.970188151458155,1
72.87154217322836,27.781967279366654,33.705650336792985,86.92735165416414,7.7184174234716405,1
83.75698018345672,20.720187960309566,39.9115708235155,79.49218721285034,6.740199859232487,1
86.32781866106285,13.905069086129618,29.57503477585964,94.20367502144262,6.9940452907872706,1
79.8148686400761,16.722533310485105,27.045782886030374,75.7857702971915,7.227034478864889,0
83.77300493044852,15.631982352625194,26.06478041995036,72.72523740046593,8.310191908080897,0
69.422890710441,23.883175638216446,34.04376127333302,65.1770596574532,4.160921340514573,0
88.13509636000639,23.346861838111174,33.981944712731156,64.85240506814148,7.3834350314036445,1
71.42842443583717,28.352013718067596,27.14043661751658,80.22142545933936,6.490786637400865,0
96.32411303931636,19.3326436319078,15.771299327947865,66.21676922820261,7.290897057590006,0
76.73976467832159,25.3042723781663,32.043070045394536,86.94592220513731,7.219302337200436,1
77.30593165555442,25.162840930158474,79.38882938264513,80.22250636017779,7.226684248494597,1
143.85863547143052,13.141970523617099,27.896873366333857,71.41970620253014,7.207603351400626,0
65.21413754220158,15.592450539211704,32.245091235921095,66.84624371683879,6.433605408785277,0
59.61875464822146,20.401944303349232,22.033476841678166,77.29074688205702,7.8524686434329505,0
90.03532897892023,26.964960724271116,28.925766702509566,75.18401630783438,7.297244273380124,1
86.81500697372624,15.223844859179065,15.71306806452711,77.12093353074175,5.0506282446775765,0
83.41151974816644,105.36025450644462,31.214063937989923,82.76027913843475,6.033753680246746,1
145.902900435653,10.309209104566943,41.7134179100195,66.68045082505549,5.823037887230032,1
74.77139972846732,28.46559427847762,29.503967925071745,79.87560297086719,7.797994549612236,1
82.71578837195374,19.039203226600158,26.696017422852528,77.57198970355927,6.885359164493607,0
100.0,15.51672992511306,30.685497291226874,67.43236022984074,8.719040612841821,1
76.48486515958692,16.825683935922232,28.12303544034069,84.04017554761315,7.014149264965758,0
74.26337993119763,27.90269040403919,20.595243155001185,71.39960731243018,8.481960768436537,0
70.60120213672644,23.51818411253056,28.124737597469423,66.9503351914744,7.099886954409213,0
74.82711549899628,19.21245819744617,27.76893284679395,71.00100937868864,6.841694521990336,0
63.92516765438772,95.40764435559252,31.386733314963266,74.00905699758731,7.3813096122647845,0
72.99879185060827,21.435481184666898,29.486494583132018,58.88432640897172,8.41418728833109,0
88.89630795623437,15.68508008454548,32.94986517854016,73.76271053725164,6.125564351660082,1
99.6472513291639,19.169264096097358,30.6076421433287,91.95722877810866,8.188596823087009,1
65.21478009632573,18.96423620035508,23.420640540942394,82.14609790636618,7.932434870954667,0
84.04981710960955,98.02781855956374,37.37320089539568,56.42098548601713,6.942482246994537,0
88.71124703431693,5.454558438362351,22.5966029915233,53.100782950214466,6.103667341407938,0
82.43687211491913,20.018276120920486,33.36778355511512,72.57318723187967,7.191897735873036,1
53.49030191606988,25.043720159027316,34.418399501436184,73.57853463059453,6.14383015933825,0
95.38036566465969,22.86224496333873,39.88904577444974,92.02514658129606,6.295271564389116,1
133.62643259295743,12.979321843643843,38.47949107237297,69.80603628173873,4.963779497144063,1
100.0,8.037586144571268,18.390594479587527,81.38660168643102,7.209534230262794,0
64.16097176514276,15.362733993058345,34.347835029360745,80.68103205128646,7.389604524091988,0
80.13929291912946,21.010765857617685,21.264528796837496,75.07178466907942,6.684703344713876,0
81.98084760767856,13.960744608322154,31.37471471834825,76.6048962397348,7.246083615316409,0
95.79212815507391,25.37115932016639,30.009643802897795,79.86036289417638,4.295608368397225,1
95.0339830176715,24.350574721087984,29.018328531234207,80.53149156379209,6.77895753646295,1
68.31321962380468,19.654287217798487,22.0452050031319,67.44208499841638,5.109989828817057,0
91.35565640180599,15.842568813224556,34.836122610842935,63.21959132623619,6.461952241509861,1
100.0,22.030903060770147,24.737323569182905,76.49363482271188,7.703440133138894,1
137.72447624686524,11.090612189300579,38.77722169402956,91.28468554772321,7.027313379851439,1
69.18943459591738,21.279179769426136,29.74848663700179,75.07880184694729,6.849883048746193,0
66.19898541785109,29.644073456119955,36.60837737153205,62.23695583461664,6.727455278638191,1
70.25318329772679,5.003565710758561,21.108336344503744,68.9349661178426,7.012828643543685,0
97.55340842443204,26.435044023858815,39.35671993942219,74.22778954776955,5.913945417881914,1
89.38283805975998,31.407144114518044,31.470676130580035,61.11457446168789,7.507020272135357,1
86.74819492166604,8.708905727014166,17.86685960463367,67.90211007766464,7.075694940005094,0
58.01194043379918,19.364309874175184,37.642404465902025,82.60846654311477,8.12237421870316,0
89.68644990532889,19.77666658094095,32.40379487688663,82.59712295484168,8.420504287271063,1
86.2834550926428,23.599572379977225,36.79281688594515,83.34751326324883,6.598204973058366,1
72.92330534381219,22.51411405619627,26.633905650551576,67.87779236350949,8.424495821246948,0
83.57112571511746,17.904453774089426,34.80965399143292,76.40359869848047,6.3018003253889505,1
57.88864690992115,19.786151106215097,21.10426379380669,77.86955854301709,6.7784634024162616,0
85.07274031107298,20.03853361886563,12.955468161542395,80.82571318808806,5.780715533477807,0
82.48220586300336,24.158633643578867,24.994581700030302,62.06492374795904,8.193112945851027,0
81.10922589709867,22.617942018044193,31.47079635802956,71.1147922481699,6.68176247225738,1
79.34249738927012,31.750084725323564,37.88359748492175,76.72254386411038,6.856741084635807,1
88.12525822394198,17.825354351581208,32.12289879519703,59.85529690819233,6.008303336559689,0
80.35263551971728,12.654210582263806,35.94145934687778,93.97288694773111,8.849362141386381,1
75.88123033877532,22.204193040897067,34.27703268897948,74.67719388950529,6.699534051279296,1
100.0,28.241951270977747,26.38672419072302,55.31076857583917,7.294971455708821,1
84.4426331148604,18.446570157775536,34.89975035210882,73.48285566422771,6.517090160539483,1
80.69802084990019,21.15229469894019,35.3305000072737,75.79597862376036,6.931876574832047,1
79.79098406035853,23.21905906142242,45.96533991827172,86.00821398422605,5.692630217769036,1
71.53206281931595,23.30031259414731,26.566044637610705,83.9295387010877,6.5833746943845375,0
90.94191518470949,25.11664205073332,26.164056260806053,68.67244970114962,7.42532130833011,1
83.38496407494414,21.20341518338566,32.97684378085491,96.24771403016962,7.209470083647773,1
90.49009225836889,22.93512278088598,38.72784340148773,89.52616745486179,5.554794735587775,1
100.0,20.370079099087828,39.78855105934902,62.77104980444436,0.6046992273421246,1
122.34981165447655,10.624724858680743,36.86760893325332,77.24339656778082,8.45211769918256,0
81.20295631711899,18.063920966947187,36.49117243593274,72.77525103221734,7.54090851856099,1
81.96554776511574,25.381035895193193,27.430057871056707,75.97670376748336,6.196051585272519,1
79.00824136220618,17.940846347015537,28.475975152017508,51.09695632530562,6.271828099030184,0
74.2418175935532,22.667616009320845,28.325489443365107,72.81346722564965,7.38737148063299,0
68.08696502797352,25.890592921949565,40.25315036003015,88.28640828248231,6.350173114502564,1
82.89774856896413,19.871796233909382,21.888832381659697,77.32786742940164,5.9298084371056685,0
84.92451264008149,13.833949154444252,21.221579778937247,83.28229690184622,7.53097566196409,0
87.57507710047305,22.36802917893789,30.303502683580817,76.31927966771957,7.4176807522394,1
94.77894044741517,18.070189692695706,18.449161470931664,55.32930296412847,8.678674673372566,0
66.01432426180858,15.090806699466157,27.349532934533418,75.45222708999982,5.41641161021242,0
86.24119817052156,12.741831542953355,35.56430206052622,64.07836367281911,8.69943598300871,0
80.10233061019586,18.101549301831188,30.273219339904198,82.21135362545581,5.920263678724152,1
87.08356447299353,22.8061590305926,28.163610757117223,61.6722260252035,8.229990368438683,0
73.62612872693482,12.83817900946112,21.161097655499837,87.96063061781396,7.5310260948942105,0
81.29221181975228,39.158645407069166,69.72088396969309,82.3463754545933,6.690350286011939,1
75.5381656678522,19.887747461324615,37.29090177739777,78.55668948563229,5.527962926973208,1
146.63513767778642,12.231911145674566,10.489462733788567,92.54933071647241,7.189328307292374,0
84.78979825746391,22.619358824946005,29.6574129495074,98.03638752104789,7.5457867135323555,1
85.88317206484577,23.047947961475263,27.987688911644035,72.88333018068823,7.185688580418739,1
87.56988616645351,18.90262135337096,14.987578351665007,66.76064513028001,6.784039479649768,0
100.0,20.85765856858224,40.05719373490058,67.63229864052379,6.1764650293741505,1
72.07479261567299,17.72523355407508,30.847155624921875,75.12499321907251,5.158102227042143,0
79.50536290347567,19.228774931366416,32.36499590997676,68.85676855903705,6.19362307088195,0
74.23228669431667,19.503915884943805,28.9963659199768,79.3477006455689,6.822082124195602,0
82.22133771633713,21.6027599060689,29.355202005625912,75.34713748752561,6.260971341976767,1
100.0,15.177952592181615,20.31062456575375,62.195444289975335,5.436965693428746,0
85.8685709380027,29.800589193806577,30.179727142496372,73.60602799336766,7.3076766534011135,1
85.14438834058748,18.495001901269717,20.813893689979054,95.46862195719558,7.876169167191232,0
85.83928185325964,15.142378880470122,25.79001714786063,53.03872178900053,6.228228042607125,0
86.10370265433465,15.465529043042931,32.001601650013555,64.74247316359723,7.703427916787309,0
70.77834675822375,28.249258514889107,34.95769156772909,67.80890548550813,7.937477492506925,1
90.53802052034902,23.25978817421833,19.65381633703069,87.78865813313394,6.030256280365325,1
77.24948302848355,27.179788919873907,38.58382438212809,74.08600442490885,7.323185482458205,1
63.39039066484008,28.042702676138866,31.45141296091177,88.03278037316063,6.829741753204095,1
84.73592430635182,22.72120580908388,34.734513069931026,89.94938227453235,8.271892421938656,1
145.88892139426426,18.535060188256107,27.16767431247181,75.41325632270619,6.889187439720913,0
72.84696290740033,25.783274700769457,15.06768038911507,82.79349003905332,7.276581505591048,0
73.88482197008052,21.13748969959246,33.09058654249248,89.28857707813567,6.131739038401667,1
86.81952971294965,13.609318021547764,36.7115240037569,74.4609515099426,5.8725039010469615,1
78.15097863557011,21.07749069163759,40.63146655628328,72.77279299223393,6.530869145789591,1
93.66874267444524,76.98003812574467,18.9516431747698,64.39394933603398,7.544220352340347,0
86.15935606944264,11.924121918519509,28.924025724786137,85.57368305378225,7.526897923665794,0
84.81009231736714,17.44185442276674,33.658243236921926,86.94762861876937,6.983389657674091,1
74.9305682462887,27.143877648718046,25.791721258659358,87.3000057271915,8.025109152581773,1
74.28821010217203,19.021598216337416,32.67341133795918,91.43378155804534,7.808036189402071,1
80.24510174258943,18.962323640459463,28.75281457650666,74.22556539274007,5.257778307364725,0
68.74510952701624,19.53297681792319,29.947829478164337,78.95819781095923,6.487625759323306,0
75.91924626978448,18.31203465729072,26.735193286718236,75.5166097685108,6.429359569799887,0
77.40408648636395,19.52215165252571,23.21892857104732,65.10042207447987,6.774343619287748,0
87.43264094022715,23.69220490407832,66.43083664795742,57.13624534645314,6.696435674734085,1
93.56240028570824,13.281980632243137,25.337930739107343,78.21593211339238,6.367119725115208,0
77.80899471191135,11.860509172259569,29.598363063666042,76.94051943605874,6.415544708149562,0
71.24381746615242,26.144375154868776,36.32297516841369,73.16849528946705,4.830322582274298,1
86.3240773905552,16.26410382959329,28.585806695073742,67.17996507488964,7.645587712174193,0
81.46713686433323,29.591883023028302,43.79757319808887,82.10549102297786,5.879952577530128,1
92.06508966508358,23.365516687647432,27.700419844797157,79.29340822801734,7.670911248276875,1
88.27183249036024,18.315949538799355,46.71630977355819,67.47564762646965,7.491505647246783,1
84.6210347426327,20.850301481839427,21.313398968918516,88.55442801105495,6.898719281298467,0
80.67528204687923,19.853872446434103,40.88526876670921,70.88573392883998,5.148157268425342,1
96.28615545571292,18.50785324289872,28.948219234626656,80.73744421004413,8.173442276632445,1
76.65498764159051,12.65635839942646,30.834847500185703,82.71920154836675,5.456881772057129,0
76.40707909212941,22.54436626678454,41.10670222566758,73.37876024520142,8.609520665775973,1
88.30335816544246,15.034458676107683,23.599691484818827,87.39584006441561,6.5403432277270035,0
75.60268941725825,20.880758071913295,24.915537268764773,79.20191542894992,5.0859399294125325,0
80.865897874729,19.399075541120283,17.312133502096334,69.68545448640785,8.393181257934906,0
75.39361229040213,23.913937270480517,30.001656519345577,86.59074064955898,7.700700612120584,1
79.25554084233833,31.484188123200717,34.825499448658746,56.30183660467836,7.231842092134848,1
79.27171087343127,18.65220110001785,27.86678136612468,83.93697689389111,6.28395656372416,0
84.73832920911788,33.51461483206585,27.45827922595013,76.0940847183297,6.5225892938072,1
96.44967713501283,15.29061012150656,32.430548764839,67.82983850872064,7.8458028725629285,1
72.03104744529523,22.81264553645014,33.46367860288557,78.13132140013155,7.58431416643531,1
98.8618590121053,23.676643430375417,22.79503412281705,62.06858456241352,6.705757494363542,1
76.14686403138239,18.145301214784993,33.70073034283161,80.54057771115907,7.363970630852738,1
90.29155637325644,24.7996514116523,45.89648889359553,82.93175688218678,7.290947364339486,1
71.01585328651642,22.7598328576347,79.35479909318173,59.23003517809003,7.5148835960763725,0
88.5765962320202,23.24877636922873,35.46855458560382,79.28316692375238,6.750928155346959,1
78.69856945632316,18.878172182087326,21.19876613622644,98.2004072201726,6.663447410121827,0
95.23124077269657,87.00311583323352,19.94794484576595,80.11499575361862,7.856702480242555,1
68.9347409125833,17.88100224313587,38.24464468499246,66.74346317197858,7.623407138279916,0
81.66452208213056,20.959138351984404,31.734204510101033,91.08780855734373,8.166370545669253,1
87.10959968203491,21.699727229276853,36.05430943989585,87.75390737999015,5.556395737830235,1
120.45522597139265,14.189933270818187,34.70842615816576,93.29620201716088,6.936876986888752,0
76.57285483473231,32.530248228684364,23.042695349802443,91.4948089432392,8.35107289241314,1
64.76813095216225,14.48369245048146,32.01792317141342,71.63613054588863,0.758523821217445,0
79.87753227153085,29.184504994062184,27.64826441868654,84.13771621385585,7.6813623265753055,1
67.48460575809555,14.565606194824287,33.733367855728645,96.84096733380457,7.789919722180852,1
69.93982618500299,20.386846488860723,29.955231849367628,86.03877343316258,6.237480760853401,0
70.14273953664457,21.44451907693141,29.462573679605157,73.7234531848181,8.149672018878746,0
65.14439626963028,14.652846647508277,36.51321409694613,57.06893547465423,6.752247581760291,0
80.81874139386322,32.87089476664033,28.023794394032027,82.21479323757343,5.196137207437635,1
67.5221681803515,11.517713018570118,39.5400600998238,94.4121743646375,7.493560204334291,1
89.82690983945514,74.53759975202799,32.73870267591697,73.40637767854093,7.034008096228146,1
77.54256935914056,13.62563883111872,21.282935701260893,66.88999136371154,7.637324683023072,0
78.3871428833399,26.6490969004251,20.484704857061377,67.70397530192591,6.937360422672765,0
76.36387787786144,24.256710902834236,25.261152354783572,73.18550930752484,7.722826894985512,0
70.95683374895592,13.282295400265934,20.952892517392677,64.48690088360655,6.449018196461751,0
81.53725105945527,23.314939726502885,30.153182219326016,56.168497919414165,5.434351968394404,0
68.02122107411151,24.03908810761975,33.776018167354195,63.28345652682438,7.662051834758473,0
78.1601666364732,26.515892697050194,30.029565374782777,80.82737583173865,4.0,1
73.73032942212232,20.739228840706915,25.868562848899426,81.6470274533311,8.029413100955326,0
91.58595579007404,11.662565199418424,33.985773987974284,70.40909689781009,6.731354246690257,1
71.05392697780496,25.37022988445669,25.60367780323572,83.1079864559171,6.5805652473414495,0
79.80983792097311,16.540937595639683,39.695551883091206,69.06188591931294,1.2378017328758102,1
87.74634053429337,19.665385534053765,31.591585174371957,89.36335405705978,6.112230488461459,1
92.55756125573521,10.512855787807199,37.323122204481294,81.5497558422169,8.427305364289216,1
68.16741487334225,21.844440186854605,34.5168474071488,79.66545311450128,5.218841585534367,1
97.7080063563551,18.94468512540598,33.637927297129075,88.03507931934759,6.747236744903814,1
86.10585745283824,24.560335782137614,21.663644702055176,63.2776624656336,6.021500454133394,0
71.60782476777362,19.84667557405133,26.19023301164273,69.44453220513134,8.462195938717636,0
72.22183312409125,18.06607718473196,14.298994466619368,75.72874098015515,6.037348988081024,0
98.76170839215887,29.369067180361114,22.606134845853564,75.78143062969647,1.6815152605036312,1
70.9061254520526,27.12218183336228,36.27683430318419,68.8783308284518,6.862689034211121,1
97.54794181984364,31.399291609371293,30.191224346279643,88.52202678867144,6.515881505415182,1
69.29107501938887,25.509899636013877,28.55686654590074,63.96330171469631,6.153640280113027,0
94.79944138890026,35.34919571400951,24.482177807486607,72.86543220649561,6.042431044984788,1
85.04046515517844,35.61009868508237,24.273920087113986,69.3939236315269,7.296576938530305,1
74.23108130476851,5.0,30.43947288799879,73.39639918955169,7.76624297504051,0
67.48886423614697,15.93353017685089,19.50224645254875,78.32607510324198,8.27257016292857,0
71.39586634716048,23.081600639418298,37.80653375475767,81.78946987762232,7.216683118964286,1
81.30740577286092,27.416559051262624,29.34781861518683,81.4648953772577,7.929409984790816,1
70.1039517974142,17.316068626047493,41.226959761001524,66.65676954508417,6.3328109152224945,1
83.0780176889206,23.078634789056498,45.63325947000229,84.95581514002029,8.00715720059667,1
72.85648581973632,26.058902536055804,25.069108735684182,58.687241845390545,6.782868925053798,0
79.17848821607431,16.426032235739047,22.408667833401303,69.1935169744605,7.326855400610437,0
81.17327383308782,14.609192109253776,50.0,85.61370964873133,5.402127865505163,1
75.37724711294958,10.917713644323037,21.967563225263916,76.5946250680413,6.292089059325924,0
80.28744822934817,115.46965696644318,25.44133657408993,91.6906952582633,5.972596448473989,1
83.33662105286949,25.42360904651717,30.464181878467162,60.20555776860276,4.8284285952395525,1
80.96120776940984,15.749559398537222,32.79840019654326,62.82717307779521,5.6045514952449285,0
84.08252755714472,19.883482364673604,34.50304688139484,54.81512135611362,5.953878914937496,0
78.40061470036574,24.55493096181588,19.072354310395724,75.77156496217717,5.327106098688426,0
133.65372693098308,23.137012928212997,30.479461042130627,87.00261749738829,9.0,1
86.33919022318011,29.834700832664403,35.846112952532195,76.8947982122108,5.82054033549222,1
81.81866255058495,22.572899001983437,38.77175387048707,75.71253749910892,6.811738664913693,1
74.69003044998182,22.563166171230108,25.687018374808172,60.66848185475288,7.479360953429422,0
77.82318796772779,19.849838247529135,27.434658995542467,63.181258745791986,7.044358797515607,0
88.1286211883896,21.60435388443142,35.20360074028911,63.46649489404041,6.015345215152737,1
74.5508091319105,6.963982723915784,33.99891298992297,77.81009250281807,7.409636118683994,0
83.34456789987026,26.7602308209655,22.90655262173234,91.53617268492285,6.963669391957659,1
75.34270246429743,21.185597628154397,23.898201771470287,88.2579664754219,5.594436946143714,0
83.47581705361671,24.84834678968687,40.73180732424705,85.69771454983851,6.51152391988964,1
96.96456368290038,14.152824171976151,42.50730687065686,75.3944704824074,6.961257105010457,1
67.54261221288012,21.918691604855223,19.094607963257516,68.82358323066303,4.573607929464792,0
74.81729781726352,32.46048790136504,11.630552374902095,63.82813538292997,5.088359449348243,0
87.51933032686775,26.303926376045673,60.86340581725883,91.55407113088296,5.960193468973116,1
72.32202434895872,21.722744991210945,27.808055345365567,60.77025074738327,7.619738784702869,0
144.8828661130194,23.477799039281454,22.737950558824636,79.08052846836756,6.751384146233323,1
69.18936672400102,25.227783784743465,29.685541698978952,87.18194711754256,7.9513062442994835,1
70.18491348952048,27.2785861998751,21.302032489097577,65.83725899436276,4.978201360038053,0
64.84808937801448,19.195896999962493,23.712111738920143,75.52258490497483,8.294985584816956,0
83.57015485965047,20.49097615128539,23.356444747547478,62.929783521427844,8.206608154863915,0
89.35678393147461,25.98986538888776,30.762753595530466,86.91707497107065,7.861436525632805,1
83.9913611435207,25.08453006290253,18.805550601584468,53.67404373845164,7.3569727592669265,0
82.89168643907819,27.594247045188204,25.28906538609043,85.90861670603698,4.82178868026857,1
62.868654709091224,11.917242262821821,22.625121494997494,80.05589241835875,6.09932861748752,0
129.08037631136264,16.09149197831331,27.883881269515115,59.806539245231576,6.519166210488021,0
82.67050265869258,7.08910759202417,33.85653381868309,71.17182810387031,8.320414009783834,0
100.0,25.789109798584747,12.094150133400223,78.01700008901736,7.993782214530439,0
95.29550319460614,14.921860070054759,33.70547836214068,68.65714152310596,6.46069498553673,1
78.85460154747382,27.202483447666552,31.658138635191552,97.71449745422797,8.08005605913931,1
79.67305251905907,27.04084314491195,41.051632629523894,68.85877434991684,7.223153054747697,1
65.51915658502676,5.0,26.169300351932765,72.1561535039349,6.952629297455564,0
64.84255885002769,24.86484963895869,33.87101320950432,67.10661494280326,6.1738880082854575,0
91.88393273448084,15.164779601022868,28.501367852749002,73.03719348612063,7.967826024025204,1
68.57029702169376,28.184842579843064,33.90297827896859,79.37313187038961,7.571179406219208,1
84.04050856814538,13.760564437246815,43.141383626047705,78.61417317273103,7.243123458512893,1
69.98379990105084,22.108689245249497,22.384652319822116,54.349169537436794,6.342627446005276,0
89.54001763493203,15.689556406584815,37.05866449858728,91.67224111551137,7.797843779895767,1
86.32931817755511,21.561931032627324,31.552861047626863,73.04609648822976,6.858474246633052,1
65.6413784882056,23.65482872544306,26.10217148709158,66.270389095463,6.476268697228578,0
80.26885838994531,22.591535268043643,49.29341340462737,67.25385029981418,9.0,1
72.44617067646678,23.006565019639073,20.791887331043945,76.7847666388539,5.91387370081859,0
94.51143607795042,11.768593142411863,31.2801458068223,89.50927548279212,5.907878799651433,1
90.5364179660784,9.016202618861259,28.793298307466436,70.51775383699851,6.593114755495625,0
73.54880245394875,22.079023290384296,37.409723217932736,81.9272275511686,8.053985771182877,1
91.79440120721287,17.808070692127348,29.332496241677113,94.72542176789808,7.839663864431189,1
83.01547342333612,22.189766014797353,25.89429146822732,77.51473608940512,6.627324416048025,0
79.66873027126204,27.86185247671765,29.751528537032783,67.60628592540964,6.391993857062676,1
93.82158991037527,19.46982224476799,34.06614911739672,71.069472429386,5.935779993182651,1
85.7707212718054,14.009687364870251,18.979059993966104,81.87065795858916,6.899524279428295,0
78.85263558533102,18.77851783938583,34.67530384377987,100.0,7.89206759973172,1
70.73069528421917,23.349961475130335,33.49390841386808,72.61889563687946,7.997632076920245,1
77.65846625276664,24.18933988168154,63.824210354934834,80.56553124533758,5.633141636719174,0
79.10879960487212,12.21900831226492,35.517662441961555,90.88626928043595,7.680230208417629,1
66.40143859020081,10.574743087589004,26.670444760917967,88.25432109095078,6.503468264518031,0
86.47688538100692,20.357782219521045,23.66064063200031,70.86394466578356,7.018016872044447,0
91.43754043206928,15.138485377913714,44.06896387356107,64.33765068100774,1.2907209414487708,1
71.60278157819224,24.067555228035616,22.289928590315114,96.65056067806603,7.157127918990941,0
99.0941664047013,16.6928857020288,37.74547728426289,68.72686554048697,5.6474913105592774,1
86.48709887589642,17.779933820707235,50.0,85.0163182520856,6.990155191349617,1
69.18451996385605,9.435147128115345,29.636710256542095,81.64927162301741,6.422079223167289,0
92.37816311973462,16.058634326171624,30.554754696290004,70.95602576816039,7.942788514140076,1
88.72320636720679,15.9855635680405,27.121850833687315,72.20189657622994,4.628340639141108,0
71.84189715034562,21.687148543816257,29.392391810859817,81.08246191684968,6.839368880474506,0
91.95046628924842,32.44449601849984,30.734019875586984,72.37340479683833,7.447393937068975,1
71.67644426895771,28.354791800385975,24.256648874019184,61.04210797807515,7.870746644588404,0
84.12931454275625,17.670939088752625,30.05650526902541,80.02784426895194,4.936596847520546,1
77.08306250206724,13.863244608809566,26.066910514943622,75.34441011705842,7.802128458618119,0
66.71813951101569,21.346710911359832,29.795405502464046,65.37267434715388,6.977699716281947,0
79.03286888129608,19.277713016278412,42.258941797424924,61.84184183572493,7.5925303073177615,1
83.94452142378297,28.95613141375713,32.62256938274468,73.86871947484259,6.462354242220184,1
80.29756139495746,20.127869892031654,32.40885871353394,64.84121173010021,7.739180494701568,0
75.28961694381677,25.697324812647942,12.773256641030045,65.35294574249285,6.346101611674424,0
90.66674689589154,17.381684656840587,62.10195100427276,67.00059493298066,6.43055022550789,1
82.07687687163111,83.28592412064943,25.54061557513343,70.8758618178352,6.6001217613316285,0
53.03113357058429,18.877134409972708,27.035935211279767,77.58661147855388,5.607264527833004,0
69.40786478111049,108.33649732885888,24.475671581469925,70.86384334370358,8.496710407445981,0
81.73180925851182,10.442037598809984,31.517649340883164,59.6495975246764,4.613070129804328,0
79.37320902726829,21.85299807559378,22.67046467615006,70.22354417395995,6.505034519631927,0
73.08091930118755,63.49651809363447,6.070912232794214,79.28186247810577,5.665389393089767,0
80.18418379189552,24.76558807773096,30.305903959680226,72.0251779912615,6.40358859203112,1
75.12874616235304,17.28063170403635,23.39671576016836,61.27534452115899,7.37940539760511,0
76.90827876531361,10.495184341967061,15.790029332268386,80.13614464231097,5.404106031425886,0
69.22255222070694,19.117987990229068,25.19661147409036,87.49618905296667,7.4197056083572654,0
127.98064130186405,19.50136656422783,24.801878185213862,71.73303786813636,7.291563676681973,0
77.2727643025233,75.46865244140025,23.721904734978374,63.85953549838007,8.616300042721917,0
67.55345296688583,29.748070750817362,12.355471543207447,85.81984809249943,7.489254535076328,0
73.23077999694041,22.964181117696434,24.73506808739795,72.11451304124296,7.460271624982304,0
71.9772273077838,19.162462231068957,39.00347827531816,85.70610559979187,7.886191188584796,1
77.79030400466777,23.531470426523658,37.09832669813394,61.63274561124069,5.8435841832561435,1
79.65315112613219,16.325375752157374,28.052928164999855,65.29875739620357,5.088683108337496,0
74.41078152728412,5.0,29.070167655024335,84.6030479628147,6.551457163472139,0
66.55549488965723,24.24928653953934,16.369027305386247,72.9747577293517,7.868772500590771,0
78.74213079900352,27.686098170410677,35.583226180312224,82.6402978157286,6.267031100876241,1
79.49761890550863,18.838043244321693,34.37811837902373,66.23226218788156,8.057814180820795,1
78.57620514978707,29.00800191173292,36.6378593430334,76.26177903661967,6.615057111589919,1
74.69742381627559,23.393057873789264,35.45641652570096,45.705513099977324,8.267651511187974,0
85.95157025436913,23.178156526140384,36.23149202809691,65.95931710264,6.892735234189058,1
81.70865438127942,14.387367787732428,45.70069752424636,68.77965194445619,6.919082662337312,1
85.93101257968384,20.758277477278472,32.67087973254828,83.72197000072978,6.80912778044682,1
77.6105195313359,15.69906607638317,34.39107068253892,92.12040284017893,6.410887867218873,1
81.2810441491079,23.561340333685173,14.701960196641785,71.02804683854012,8.528747850540908,0
88.52433334796224,29.77037973877123,35.49054765565361,84.37915537510655,6.921769340941482,1
82.41962271566034,32.451565235751595,23.846861201701614,62.1283643141575,6.015006874182985,0
87.67434729152909,23.811030810091818,23.463290951454475,59.52696011061634,6.37011544763619,0
62.212797510957216,21.938475638696175,37.17652957509706,61.50423788448468,7.686353555014533,0
81.32969674146877,13.563541845561161,28.442421631066548,71.535734939931,7.5873916998060125,0
80.21003841632759,12.128982605899044,33.372692884915644,79.16446038101452,8.005924511796417,0
74.3981895980303,25.952254097219136,22.015514981484696,65.620744234636,5.634382595809851,0
83.07299520876609,18.25835273486809,41.21278874357144,65.54493120057269,7.126267736234068,1
92.71555094994159,17.41027812369171,27.892414271342005,74.16282040150789,7.251316648238102,1
74.97945775647389,10.98217802962908,41.78136540600786,78.8831200542345,7.54339082787181,1
93.45420046154977,15.991135486766037,41.28367316162803,75.4693490206037,7.771796177235661,1
79.60444846143345,18.08567638600029,34.5850225059296,73.3566479411461,7.486184791561939,1
67.19695601329106,21.848303237024613,37.97256408463558,78.79153118726124,7.587262413464177,1
67.10039100258946,32.37514951545887,21.739808771779686,73.76267319900244,4.982661201877589,0
72.96823574874112,14.94052042810285,36.56275210089965,75.17613251933658,7.249548189598077,0
87.00309879408991,27.889486721504284,34.98168979120215,74.77721020816287,7.721903485438141,1
74.29253706250523,15.976278745540132,25.89442908389283,73.48700779767478,9.0,0
85.62969236690572,19.979753255534288,25.102106123937997,75.51197901881085,7.412998912137797,0
70.21627222384969,17.904099223290814,43.480114229668075,66.71803727034765,6.950119845871883,1
100.0,17.53511427227249,39.831844019912495,84.9611821491113,6.477868429980008,1
88.72457328280144,17.650108595469252,26.268036966174417,87.30222175650788,6.794372146356753,1
72.07127167737656,9.435423445065094,41.89796924268742,95.52972024501663,7.288728003009837,1
89.7255444962673,62.27855805417639,17.61105360909003,67.40296882519714,7.019381237698025,0
80.45571839903813,19.47030770989247,14.239169458305316,64.29147581315561,6.389142360194934,0
85.19346514241172,19.90814090496203,21.765027934543426,63.46667596794255,7.307403569719688,0
70.33023856870787,16.23969665246021,35.85993682223842,100.0,7.286774112382586,1
86.54365656354058,18.249132386506737,65.50859807278945,75.34027411072232,7.0678385139169375,1
75.79354677234642,5.0,22.783587565139918,83.55555659020712,6.2211629571795655,0
75.53566385449471,18.991137088491264,30.784540316311556,84.49594571364489,8.351114089986716,1
95.02357052096028,18.99726971728153,31.802463376327534,97.72434720446881,6.446910183085867,1
64.65885829264377,22.735326632489645,21.01964155004469,94.91553302204734,5.941559366358347,0
90.88950596967366,19.221075801599444,40.5704322581841,65.1212665909925,7.519902139528752,1
83.52055396514297,27.57152900428395,36.21925882211609,66.65718189965375,8.253132824768244,1
64.43370826476097,22.458911941571074,31.99446876513383,73.59624941094664,7.577363525106661,0
82.43339449322691,19.691637658469084,16.95621405027888,62.209692637802135,7.434502646091306,0
71.72769056447677,21.100159518674936,33.26922249184537,65.20278775283194,7.680220360476691,0
68.75357908162131,23.33738005640396,42.30345534730042,70.9692401093497,6.938924328647624,1
73.99361310081196,23.681107836382502,31.677275322197005,69.90193306809117,8.59853811209634,0
73.99783122841205,22.35990703636623,20.80964771873075,76.34296497247793,6.033412109014685,0
96.76437312275283,12.474263460984503,18.41126868293165,88.11983738573946,6.700818227572565,0
53.80254895910255,25.97760091668284,25.0587848365252,67.66967004476011,6.55405628613884,0
86.29628841923612,21.93018683717608,17.975357585921458,86.37314542364729,1.2180525808539984,0
74.47776955719029,21.732161775679142,39.43780166688568,67.7600966825739,7.130690024464382,1
62.9741639576216,18.18092130299435,22.961485171983565,76.45063745959382,7.473407415712466,0
70.76766753889096,5.0,44.043805586523916,69.14072326682245,8.103933546701906,0
68.93665025993971,26.892594202232623,33.12371879943112,74.06613141100051,6.049089270312768,1
90.57122226218915,10.541647058094505,29.925597430891084,71.63745261318928,9.0,0
65.69858622039368,14.576554151211262,32.55721460735182,71.21992100981782,5.0044682195482615,0
65.69224897881952,26.802620581202387,32.160458867131375,87.90644460922547,8.452755545126184,1
100.0,14.6750469331874,19.29115360221401,86.53590343316925,5.605504931140739,0
79.59842049355656,18.830550317883915,15.435173595611863,95.15275110460641,6.705544242411966,0
76.98896304410711,19.768949182995758,31.218838976269776,77.24216404290793,7.299647687837348,1
94.53534077157317,19.4099622392315,31.477924631165795,69.98597853114363,7.306981072686238,1
74.74244978319238,16.36571046197997,29.61078118743639,85.26986263319732,7.197916667342075,0
100.0,28.827021964961652,38.93919052721969,58.17341305877314,7.994447375508908,1
73.1997527842151,16.166229513862987,30.167091906367695,45.930117806783585,7.086110868258978,0
97.65454240281096,21.402715470744486,28.487036873783733,77.28996392459341,7.492986458514459,1
86.0600995134564,18.552454072288747,38.36070779267803,78.07612668189196,6.871340553647944,1
64.29775280109544,12.079864932675765,27.720996053042633,79.71542380418205,7.782629826316518,0
74.23096344337597,15.4794927779229,38.281994677790024,76.39060398653417,7.585299436516338,1
88.81639756949451,27.575504620563095,14.64261475041875,59.02400830404568,7.001325688734407,0
94.40117215449473,20.537484087531492,27.929164797041345,78.63115627744523,6.7642887551433315,1
71.43916174091133,20.51686329827825,29.49180340307716,71.0377032189824,5.920157552218513,0
75.14636452170896,14.987917680441456,46.79777431333213,67.64696539318048,7.324458604352517,1
74.965243458838,21.972574461820884,35.74548580566348,70.8850685543782,8.656208252057295,1
70.50601111168056,23.067215597149882,29.40841947513286,68.07749670734104,6.465243329155677,0
82.16458589581976,11.781182122525532,36.32500479330215,54.74192126888623,8.355572935710349,0
62.96617560644845,22.94584970982951,26.50588610209426,62.11692382536462,6.659401293090139,0
84.47708560017315,21.339433484774958,21.149651900706928,76.86416169744047,7.503090368623747,0
77.5461188399713,23.568526049991718,28.127841127144148,74.0337632998511,7.9863765059059375,0
97.52270443423623,29.12789631153471,17.481577829103557,73.4975701120174,8.105833066294712,1
100.0,22.974091327835627,21.982500353748218,62.90523064581195,5.469538590256623,0
78.32881919683146,18.447223623997385,13.327096484011292,88.93454527524432,5.3114948119314995,0
82.3421473253652,22.16902115123661,27.601294429800955,71.02442234508278,7.09297924652941,0
63.451433281342304,17.57810922054802,38.57234521787909,77.66818396295402,4.085744010183059,0
74.89983601145254,13.941615771740375,12.024885328123158,86.46440870400727,1.86738684170919,0
89.26177547531641,24.670166456999826,34.564903977756245,86.80640912452145,6.041221543813225,1
74.35921369263272,20.587898920825374,26.860231151513016,67.27431251243759,5.599929276816991,0
91.4282281451502,21.206594280289806,9.501330729637516,85.48707126416564,6.545205282622307,0
94.02794310936099,23.832381332175107,29.845916962124843,79.91207665411996,7.957791614472906,1
77.69065469791322,27.124316309388508,30.124946671596824,82.82873734948572,5.383286625051985,1
83.31263431403563,23.261600927566594,32.1004906320154,62.97850473923911,7.961987189071841,1
69.32379570617405,11.469135999548937,19.60335010457922,81.82069490062631,6.8847757674478025,0
86.51391251305797,25.36954626166665,26.383277337335358,90.23238621712258,5.1406632283399425,1
133.09745165225473,22.331471627185785,43.91119731038063,89.18531345148037,7.508608373233442,1
132.1192884990925,22.078930855387956,36.54311726420023,80.79857285295132,7.072278965384289,1
65.87696298664709,22.5449956784115,20.08593284117222,80.51740799910921,6.911908755970927,0
77.79035826170336,16.151110428662285,20.95837020260861,94.23445794824953,7.192596918731305,0
93.07142754282428,28.254240879869716,30.407101614848145,53.727725796485046,8.63835973227094,1
80.46436548156149,22.686301554861664,36.004633340174124,71.77971845507942,7.928245691344324,1
87.91662693962935,19.13547466567031,26.903202380204792,69.10728348210694,7.900533077331591,0
69.62753845673544,32.369021459818384,27.768296557345533,83.15501022444262,6.1948282482571235,1
75.79015519179737,18.37325839374459,37.39416111630264,62.007836365541756,7.655403829850237,0
74.75479733720226,14.57778883561923,27.364417709223268,76.78694716810476,8.471034690817104,0
75.2082576215471,24.630192263890066,79.9646805165744,78.17453261250175,7.74990023942371,1
82.96984673233186,14.918231910090032,16.854489510766662,66.03357772684792,7.243530204186345,0
78.8767195030917,16.516859301171664,36.95324851511418,76.75286778933923,6.419983667346315,1
81.86454314769428,16.67847054975203,22.368484644826843,62.450773319977074,6.6526977110421575,0
68.77277978437701,16.70765055355423,41.8154754089462,84.78889558556779,7.685589746298416,1
74.69498852389472,12.824701627788894,35.466631942488554,70.45452281256556,7.107444374340893,0
84.01711722098942,14.161586354710668,38.901506999919405,61.44552496887711,8.195480650825479,1
85.60784526368235,17.423566753248483,28.47276966618161,79.25444864184172,5.90979159320057,1
71.83064329012764,18.227118091825037,32.29863123522407,78.79639648385965,7.603790520277894,0
86.50201177958661,21.614761647470644,35.12383836160659,69.03025713278926,7.0828325705181,1
91.26565029547757,21.954777899493,42.15427138913415,80.50797572273663,7.626613637263071,1
89.55142320501238,30.213289667811427,23.345422334156442,62.44864628026605,6.502427501690786,1
90.32465260551147,22.24433941908543,29.903288417231565,85.5811832508715,5.908374827840897,1
74.24362173762226,29.839787176228356,35.03623667377449,78.22082310766986,5.730001402606124,1
100.0,16.366306761578816,26.692278711013792,80.05965553455866,7.295279940620868,1
76.25179192450402,21.206957935237035,17.715423014343152,77.6477531097798,6.049936502533873,0
94.46977884353733,61.976872094731796,43.91081081482665,66.43501762590802,7.6594512411136115,1
91.19574911434577,17.375250198059536,35.54334898425289,88.86349397262843,8.053891552295884,1
82.32253697161003,12.06146123955501,31.845607245749466,71.25177943378193,6.253076714929833,0
80.47398671316414,10.431781596399228,27.63928068609675,90.94442391749197,6.362412457924036,0
69.7561235866571,14.475958441523803,21.431570562807607,86.72756845267445,6.708241367741463,0
86.25667347765007,21.079364906920873,28.479687719988043,84.78422112028035,7.2783486346446695,1
85.9065483069231,91.44928006168536,26.91982550629709,76.43048769878952,7.227495875732053,0
76.14917719583684,22.374821200624453,23.0629582743128,67.90558997572454,7.1812511626020505,0
80.99332305429226,61.166775505172794,28.16160295539845,87.7951866976016,7.348341739246127,0
90.1437006501813,30.263680235491552,36.83180781241779,61.51952888059833,7.701494781924715,1
73.62260015748684,25.81674320316042,25.136997914593458,73.50059280920891,6.438157900648301,0
83.28751109659684,21.43273495415908,28.817757449460228,87.18970789793663,7.079801484058733,1
56.980788352644154,16.341302574083706,48.91097995695489,74.19121502134539,8.28381685985356,1
74.44522880839746,30.651865355657073,36.666671294242455,79.93654847643151,9.0,1
66.51814577894287,24.43286288532502,21.528739303547198,58.61970942563983,7.026204752774036,0
74.83955271782627,19.636035117112275,50.0,58.9972889549629,6.942604634925964,1
60.47912200477498,12.012602278653333,33.69648714601517,90.03419828428999,7.203235954586031,0
74.00607354555977,17.072531551125785,22.342792680839658,86.90548594343596,7.1761898225026926,0
67.77872191108054,12.925761253041184,32.68046423267294,81.03094684948833,5.962933926430004,0
74.98242956415463,22.58024988314642,20.23430059268673,78.09998983165555,6.775681029121896,0
78.4199210142101,16.13870100609523,31.57833812504965,72.64030012789028,7.386382653848061,0
82.029230208513,19.194147551176712,25.75028564313921,70.48050628088123,6.524204555995099,0
76.77938483794324,12.634353109178045,42.3921612119615,64.788375424397,7.337957528232118,1
60.403298761202244,11.213750718741078,25.92829099434001,76.70463770996571,6.778486737047876,0
96.69021525289392,28.473323332492576,28.25563283686101,73.17431025620459,7.128617450404967,1
87.87084603742451,33.74565543554445,31.97203822745604,79.55904195170703,7.479827035366833,1
85.15047686306048,11.584368369201838,27.495535755814764,84.00398588395063,6.143148134872201,0
80.73317967188405,22.541594393560764,37.53048464613987,78.70061115268956,5.779679310056024,1
82.43800713771199,26.514717949636083,16.884126699796525,71.50560672783044,7.982683142769941,0
86.69672548830039,16.091858637249025,32.107897722648474,63.589914902472614,6.2386447301910595,0
81.86766764477078,25.85118577869458,31.930575479334248,53.22934953557145,7.138645183710085,0
75.30525614065049,26.29731629191601,35.27396534745924,85.82691053887073,6.5117261575484555,1
58.76104275690193,32.943849279593024,32.75030305239908,77.12574030632214,6.333151283048436,1
75.55706739923889,20.12476224605245,39.600631651414886,78.36144963026229,7.421780074250871,1
83.37602662075201,18.64112664859084,23.05365814498907,56.59922255494247,6.920611575594297,0
93.05478807154329,20.062115719060284,35.32739401643569,71.38537233306015,6.590691525904279,1
70.09463674869312,21.815812791434197,20.55349747752924,55.906439124927076,6.11924591039727,0
65.92488305282178,29.69225413681665,21.931562527390334,74.35311394967482,7.822782780834002,0
87.3846657999541,30.103566148747213,24.442294951287536,81.10216169589222,7.2047588824017845,1
79.62365297575151,16.788030884276463,32.94119434393137,85.12637409644071,7.081278422056199,1
80.99651365087641,19.615169920442046,35.72305052352995,75.72680524329341,6.2647989652367535,1
74.44800473306802,12.622702433285498,36.953236739975175,81.71531171729053,8.096547118230253,1
95.23029856408026,16.118379333766555,27.536307762887677,93.8768765734019,7.472630345843406,1
82.23787951638899,18.744668757532832,24.65776354824891,77.430047220544,7.432216690759254,0
75.36582307187538,27.904364393805956,17.13952108504821,74.06363811260829,7.022630852676869,0
63.3847993773104,9.38936380662289,22.58895096014769,93.57702343537733,1.6484785050577746,0
86.42722759867544,19.67063599630228,23.40388670777861,67.68368261091472,6.6812516847538665,0
79.65288230294756,34.420493511429655,28.171200677279852,73.0573086802148,6.757301252174718,1
82.96120277064576,20.471811141896545,35.3638449379297,85.41724664058852,1.6285027669668275,1
86.38592458777374,20.845317481467223,33.789056614491635,89.97431683179626,7.168015340532529,1
80.59218434014488,18.22759153916582,36.83620181653293,78.64140296054661,9.0,1
84.12780926936499,34.638514438035635,21.87924646537705,57.48171193248281,7.793818467143816,0
67.62184501173151,25.740213900767504,22.15067575088255,83.76455645502935,7.973101561015072,0
87.25766623898691,15.489253699428893,30.655964451308485,72.15844902071203,4.1624935586026215,1
90.9877685198719,24.906597795201723,44.361690847298576,79.49473912832306,5.254292567140348,1
79.25566570899954,17.42418665289644,29.505886401118968,54.24411990921467,5.9047294811571955,0
83.26927373764163,21.761347592999776,27.602586815945703,78.20785725932684,7.808919269392719,1
87.58969220493267,27.486452436042402,32.12702583721639,92.8179890877106,7.558336423211705,1
61.32734807408252,21.858924261362166,24.81966555491873,82.57495149337485,7.8447743757817,0
95.4993440501754,25.784523009730144,25.41118581682479,79.43002130447375,6.611756946478462,1
90.53152853332904,15.488184009567085,23.212570926473482,71.74388947851496,5.735993832052636,0
86.22849932347499,15.459229468583235,40.72368841432278,49.677539147803145,7.846882103884914,1
71.50155630535208,17.797832965500067,28.37615490083474,65.81873016583425,7.918914854658329,0
73.9601481328418,27.361599343305848,46.7075421829594,74.64174421293536,6.76893052254232,1
77.59674601841866,17.21229621620964,33.75414071846821,99.85189916678891,6.203863196813504,1
80.58208718446,21.34348480438797,24.868104727645523,71.27680947062078,4.0,0
85.76556963055766,19.27431110835331,28.153069009241847,84.778155496862,6.538830267965381,1
86.14166700043425,30.01942702610844,23.893711166571347,70.88176631036343,7.850079332417553,1
72.51513463443446,25.567040768487423,32.17196248660518,73.5297457656915,7.608905356254632,1
86.45375949585147,13.731144835873799,17.751139979554225,57.23988245951598,6.099409647463938,0
76.37161439560342,16.09998451505924,18.7584812255714,76.82501030599214,6.985901034093328,0
85.1503526720866,15.788049873159467,41.87292822828772,67.27340554729176,7.494063918975519,1
71.10485570374476,24.55357153872059,64.24089698765948,65.54253939303219,5.4571967817571005,1
67.85811387212269,8.147200601876772,35.3499332447401,79.75167746495381,8.036302892072479,0
66.20680771985472,18.15179429488555,13.30378385118345,64.02631681028933,5.755457499915277,0
88.40643548988724,23.935404659178566,19.053479689337514,78.47561613803552,5.9915512674526505,0
76.64215300709871,20.14531674003655,44.47445079786488,70.03067974882022,7.813980860197741,1
73.48399652394183,35.478256025925916,37.14077870639447,94.11419087139723,7.504483256383017,1
63.87284128810349,22.48279458470899,28.550206614255178,81.95202900084,8.178512689798422,0
71.41642219818786,29.673669547931873,20.95507732049979,77.77358461964675,6.33457770187054,0
95.79572145730712,13.457605535342925,39.975133724277754,63.238266634452195,7.084505145692862,1
82.08863595004756,12.645406021985952,33.139327737430136,71.57450799142235,7.516946515748371,0
87.55391225825755,19.269514949700298,66.40220282011802,79.75430682526624,6.087189080703487,1
59.58265131575709,24.525747978881448,34.816946563139865,70.2873625929748,7.683223014788808,0
93.68631557532349,8.201860463743989,34.11403804814268,85.63940987560856,5.867215048732255,1
77.4743184860684,21.016164944216467,35.4417288436036,81.65416823691778,6.940173856470096,1
78.07639035218878,20.902513430861458,35.92659476336101,78.88978729352183,8.6296421311128,1
84.71468357135996,11.3703321300958,36.31245349900415,78.51479900352201,8.726226545635633,1
100.0,18.650864109151527,29.608822532207157,74.55106969877463,6.154326895505887,1
77.86552848288153,18.6514075886439,26.863898880646964,73.63004510557542,6.43923909302014,0
85.5979044793104,20.49463851760702,26.10237663044058,79.64369863546574,9.0,1
97.94557863517788,28.374102864739736,22.72253266414533,86.91899334413573,5.985520273292586,1
73.46670767426288,15.38016061364815,19.35749099408808,67.66843802890003,9.0,0
72.69069960058081,24.677963193616037,25.323058154742405,60.23075072468099,7.2328680874268985,0
84.40014450053333,35.86606008210221,37.008374340238355,75.60085994615163,6.540235384169524,1
82.57550390722764,16.25738623582517,27.371052194008122,79.50603412862539,6.799647422205836,0
63.72457562116837,31.307517835607655,33.36075592361473,73.02062271015318,5.612131449544198,1
79.404746439382,20.45603234847447,33.23435803969358,75.46002747253274,6.713205764261731,1
82.93072473298682,29.852090960818217,19.91868187861936,64.61456179156028,7.990166238959289,0
67.39116045664954,21.98528139328674,28.979607036979726,81.03247500571393,8.075343401956898,0
82.03463635867223,17.602182886312384,23.866747297733216,74.35815838711181,7.553388983074427,0
76.0666118767264,17.99708306146394,26.606109332815652,73.6993970644638,5.982235690923047,0
86.5854427267283,13.454201418708811,34.278538690767284,76.39887232839128,0.7376786602711445,1
64.74474829075261,22.26260236341312,30.68167559707121,80.3762990294988,6.260228836027033,0
77.11341361079862,22.35082403241528,76.76705808098032,53.71265905585188,6.6759318247910295,0
82.56029734313876,13.677905485121876,27.318897750628388,70.42151613817511,6.209118208305434,0
70.22444755201448,23.784870107328665,12.24559701801972,79.24393937861012,7.344053921563466,0
86.5655360863383,18.051011698948265,34.461528485801,78.1318447386498,7.084168230185696,1
83.46448209496975,7.079659318377711,43.29176132582415,71.30792799552555,8.127780250633899,1
81.91099068019903,19.356187135974626,17.862610426626567,91.14778790709852,7.644518491645291,0
83.4175597577716,27.81044773639279,28.15679428635386,66.83782755458036,6.313720864244916,1
94.96044311489183,18.485878987242273,40.19900033022978,70.84786232094729,6.161107325974264,1
94.0934744018558,20.46111129775261,36.761263769474574,77.69294752580734,6.81614610684079,1
64.49336568933867,21.928143292701638,33.50780591047782,74.1076584577855,6.756938801119134,0
95.86016816145352,24.24865206013154,39.55287522437898,53.4761645539082,8.159381043300522,1
75.59955513303017,15.586820344461401,25.96656135193863,77.31445922525572,1.551516900642561,0
80.75804558193727,18.719342774418752,17.857010026553525,90.89838978180684,7.754733298067809,0
83.22718560338089,11.126530587355226,15.79011813681344,79.58168114788698,7.591442151751854,0
70.24126747022667,73.2870534823947,26.273555447054697,87.52842634427483,6.764083470687876,0
88.20482181197364,23.277705488022196,31.130057120699707,81.92857584237437,6.177923988172073,1
77.74223699513465,16.557799976368525,32.21901550366553,70.36838637914602,5.576317363116077,0
95.64643655814007,12.302046654868583,31.578525659244765,91.3185689908911,6.855095420918569,1
75.06999065341168,34.95799710459674,37.83086440625436,50.1219134346492,6.569690680045357,1
124.61052407421741,14.243364579659122,27.491762510620816,91.29166364900945,9.0,1
147.50883339307467,26.181700724191053,25.934878418821512,74.43411511100105,7.859584872343556,1
72.72862824175131,16.32938545456829,27.95056198003696,56.6885512166165,6.975767166130308,0
81.74577812831839,13.679506620958064,35.107135404867066,80.72390311175675,8.356583385827982,1
74.53141058759608,19.291588838053528,22.83944126178716,67.7192290214468,0.9665550008905055,0
73.75181422304321,20.42031297867909,30.348117349147728,78.216785413765,7.001619031356941,0
82.7996862631982,25.298658662882954,28.388067728419855,73.20906714983843,8.44194500580189,1
92.7767682189851,32.990014069406506,22.659977431885892,66.67938695150143,4.501938982507061,1
74.0842861116417,19.94528602013478,28.534427050236896,78.61661061247017,7.731955502509845,0
62.89831607343375,18.4427199344965,25.954026365904507,92.03172609918037,7.517994776391452,0
69.97470635362191,5.0,32.09000424987085,73.34368589682367,7.71587274469096,0
72.4626383564251,25.120493352681848,33.73086699557068,70.84033072052641,6.288026772741077,1
128.1838167809954,13.911459615842798,17.486067106311587,85.5872852988388,7.698688813517044,0
60.86719755342202,15.864873091462593,22.480775191129084,61.02881814887009,7.198680009547407,0
82.70456825779839,13.14986531519897,33.854928493747934,87.20821298813048,5.813006611694256,1
133.90654253655973,27.826041457268914,33.268858461614144,71.28142117721335,6.924128549314977,1
81.09394794604893,21.79251745019412,24.126609609772032,65.14196191332174,8.146027575013415,0
92.77664895788425,20.16908694421477,34.85378447308946,80.32006198821944,6.369975020466105,1
140.64656758223208,21.011928031800366,29.580764395380243,68.29884799545768,6.937351777878178,0
98.8115706944059,22.98019533941913,26.355683791809035,90.28031359387833,4.808746148834719,1
84.43819428146229,15.769928865449547,9.166289146982926,86.86734620177332,6.908293975854874,0
88.2940558118349,22.798579894601158,50.0,62.29938911287968,6.250642310577223,1
88.35692112065142,19.83491056969618,24.32336116200662,78.30851304615578,5.959806280184102,0
55.76120673371044,25.685158772737147,23.229472180274115,89.47305699391806,7.115824587226946,0
100.0,23.229776474297797,38.378541652971585,68.92645566787789,8.369701107654185,1
